#ɿ	
ts	[1]猪褚诸蛛株朱硃珠雌知蜘支枝肢栀眵{眼~:眼屎}资姿咨脂兹滋之芝汁粢{~毛圆子:糯米肉丸}□{低头}□{头~出去:头伸出去}□{支撑}□{~煞:打死}□{臂~□saŋ⁴⁴:手肘}[3]主紫纸旨指子梓{~树}止趾{亭~,地名}址齿{牙~}嘴1{~唇}渚{良~:地名}[5]著拄注蛀铸制智致稚至置志痣疰{~夏:苦夏}
tsʰ	[1]痴[3]处{~理}此耻厕[5]刺次处{~暑}
s	[1]鸶{鹭~}梳1{木~}蔬{菜~:菜肴}书舒输{~赢}筛{~子}斯撕施私师狮尸{~体}司丝思诗尿□{量词,一~饭:一餐饭}[3]暑鼠赐死2{~人}使始水1{~獭}[5]世势施四肆伺{~候}史驶试
z	[2]除如{~果}厨橱{粮~}儒池驰匙瓷餈{镬~:锅巴}迟慈{~溪}磁辞词祠{~堂}持时鲥锤{蒲~:锤子}茨{~菇}[4]墅{拱~,地名}柱{~磉石}苎{~麻}乳{腐~}是氏似巳{地支之一}痔士仕柿市[6]住树誓逝自{~家:自己}示视字寺饲治事侍睡{~咪咪:犯困}穗{稻~头}
#i	
p	[1]卑{~贱}屄{女阴}[3]鄙比[5]闭臂秘
pʰ	[1]披批[5]屁
b	[2]皮疲脾琵{~琶}肥1{洋~皂}坒{层,量词}[4]被{一床~}[6]弊{作~}币毙鐾{~刀布,~洋火:划火柴}避庇痹
m	[1]微1{一~~:一点点}渳{小口喝}味1{滋~}□{~一歇:小睡一下}[2]迷谜弥{~勒}眉{~毛}[3]米蕊{花~头}尾2{~巴}牡{又读mø⁵³}
f	[1]非飞妃菲榧{香~}[3]诽{~谤}匪翡否{~定,又读fø⁵³}[5]废肺费□{油炸}
v	[2]维{~生素}唯惟肥2{~肉}微2{~小}薇{蔷~}浮{~尸,詈语}[4]负{~担}[6]未{地支之一}味2{~精}
t	[1]低[3]底抵[5]帝渧{水滴下来}蒂
tʰ	[1]梯{楼~}[3]体[5]替涕剃屉嚏
d	[2]堤题提蹄啼[4]弟[6]第递地
l	[2]驴犁黎离{~开}篱璃{玻~}梨厘[3]吕{~洞宾}旅虑滤礼李里裏{~许:里面}理鲤{~头}鱼沥{~~干:沥干}[5]例厉{~□ie⁵³:厉害}励丽荔{~枝}利痢{瘌~头}泪1{眼~水}[6]隶
tɕ	[1]车{象棋棋子}拘齑{讨厌~糟:很讨厌}鸡稽{滑~}饥肌几{茶~}基箕{粪~}几{~乎}机龟1{乌~掼石板,硬碰硬,俗谚}[3]姐挤己讥{~笑}几{~个}鬼1{细~□pa₂₂□pa₂₂,称小孩}[5]举句祭际穄{芦~粟:高粱}济计继系{~鞋衣带}只{~有}寄纪{~念品}记既季
tɕʰ	[1]蛆{米~虫}区驱躯妻凄悽溪{~沟;苕~,河名}欺[3]取启企起杞{枸~子}岂[5]去趣砌器弃气汽
dʑ	[2]衢{~州}奇骑其棋期旗祈屐{木~}[6]剂技妓忌{~嘴}
ȵ	[1]蚁{蚂~;蚕~:蚕蛹}[2]泥倪宜{~兴}仪{贺~:贺礼}尼{~龙}疑{~心}愚[3]女语[5]御{~赐}艺谊义{~乌}议腻{~心:恶心}二2{~胡}毅
ɕ	[1]靴些{~稍点:一点点}胥{伍子~}虚2{心~}须需吁{长~短叹}西栖{塘~,地名}犀兮{神经~~}牺嬉熙{康~}禧{慈~}希稀[3]许3{~仙}洗{~衣机}死1{~尸,詈语}喜髓1{脑~搭牢:骂人脑子坏掉了}[5]絮细系{中文~}系{联~}戏
ʑ	[2]徐齐脐{~带}[6]荠{~花菜}序叙绪{光~}聚
ɦ	[2]佢{第三人称代词}余{~杭}餘愉俞{姓}榆移夷姨{~娘:母亲的姐妹,又读n̩¹¹³}遗围1{~腰裙:半身围裙的旧称}[6]与{连词}易{容~;交~}肄异
Ø	[1]伊{~拉克}医衣依盂{痰~盆}於{~潜,地名}[3]雨禹{~皇庙,当地的寺庙}羽椅已以{~为}□{副词,表“又”义}[5]预{~防针}誉芋2{~奶:芋头,又读n̩³⁴}姨2{阿~}意喂1纬1{~条:织布机上的纬线}忆亿□{头~倒:低头}
#u	
p	[1]波菠玻播{广~}[3]补[5]布佈
pʰ	[1]坡铺{~床}潽{液体沸腾溢出}[3]谱普浦{~东}[5]破铺{店~}
b	[2]婆蒲{~扇}菩脯{嘴~:嘴巴}葡{~萄;山~萄:山核桃}蔔{萝~}□{抚摸}□{~头:植物的根部}[4]部簿篰{一种竹制农具}[6]薄{~荷}步埠{河~头}伏{~太阳:晒太阳;~小鸡:孵小鸡;蹲下}
m	[2]磨{~洋工:做事懈怠爱拖延}魔摩{按~}模{~子}摹{~仿}谋{又读mø¹¹³}[3]某亩{又读m̩⁵³}母{老~鸡,又读m̩⁵³}拇{又读m̩⁵³}[5]暮慕墓募幕
f	[1]夫肤敷俘{~虏}麸{~皮}[3]府腑甫{杜~}辅[5]付富副
v	[2]符扶芙无{~所谓}浮{~起来}[4]武舞鹉负{~责任}[6]父腐{~乳;又读u³⁴}侮傅{师~,又读ɦu¹³}附务{又读ɦu¹³}雾{~露:雾}妇
t	[1]多都{~城}都{~是}[3]堵赌肚{~子:动物的胃}
tʰ	[1]拖2{~拉机}[3]妥{~当}土吐{~痰}[5]吐{呕~}兔
d	[2]驼{~背}驮{(人)背}徒屠{杀猪~:屠夫}途涂图□{鸡、鸟类等嘴衔着}[4]杜肚{~皮:人的肚子}[6]舵陀{普~}大1{~小}惰度渡镀
n	[2]奴捼{揉}[3]努[5]怒
l	[1]啰{~嗦}[2]罗萝锣箩螺{~丝}脶~纹卢炉芦庐鸬{~鸟,地名}[3]裸鲁橹虏卤撸{用手将东西归拢过来;捋(袖子)}[5]路露鹭{白~}
ts	[1]租[3]左佐祖组阻[5]做
tsʰ	[1]搓{~衣裳}粗初[3]楚础[5]锉{~刀}醋措错{对~}
s	[1]蓑梭唆{啰~}苏酥梳2{~妆台}鬚{胡~}[3]锁琐所{派出~}数{~钞票}[5]素诉塑数{~目}
z	[2]锄[4]坐座[6]助
k	[1]哥歌锅{钢中~子:铝锅}姑菇{香~}孤鸪[3]果裹古估{~计}故固股鼓贾{商~}[5]个{~体户}过{~去;传染}雇顾
kʰ	[1]科窠棵颗箍{~桶}枯[3]可苦[5]课库裤
h	[1]呼{~气}□{大口地喝}[3]火伙虎浒{水~}斧{~头}[5]荷{薄~}货
ɦ	[2]蛾鹅俄河何荷{~花}和{仁~,地名}禾吴2{姓}梧胡湖狐壶鬍{~鬚}糊蝴[6]傅{师~,又读vu¹³}务{又读vu¹³}贺{~仪:贺礼}沪互护戊{天干之一}
Ø	[1]阿{~弥陀佛;~胶}窝{~心:贴心}莴{~苣笋}乎{热~~}乌{~青}坞{用于地名,如梅家~}污焐{使暖和:~热}诬{~赖:耍赖}[3]我伍{退~}午2{地支之一}户{~口}[5]饿卧{~铺}涴{屎;陷入泥中}误悟{孙~空}腐{豆~,又读vu¹³}
#a	
p	[3]摆[5]拜
pʰ	[5]派
b	[2]排牌簰{竹~}徘{~徊}[6]稗{~草}败
m	[1]妈{姆~:妈妈}[2]埋□{~□u₄₄:不可以,不能}[3]买马2{~~虎虎}[5]卖□{~□[ha₂₄]:许多}
t	[1]担{~心思:操心}[5]戴{~帽子}带
tʰ	[1]拖1{~舌头:伸出舌头;拖动}[5]太{~~:曾祖父母}泰{~山}
d	[2]□{~怕:恐怕}[4]䈆{竹器农具}[6]大2{~学}大{~夫}汏{清洗}埭{用于地名,如周家~;量词,趟}
n	[5]烂{~泥:泥土}[3]奶{~粉;~~:乳汁、乳房,又读nε⁵³}□{~□[ȵie₂₂]:害羞,没脸}□{~□[ha₄₄]:如何}□{你们,“尔n̩⁵³”与复数后缀“·la”的合音}
l	[1]拉[2]□{他们}[3]攋{划破}□{~起来:起床}□{~车:一种农具}[5]赖癞{~□tʰa³³□bu⁵³:癞蛤蟆;~□sɿ₂₄□u₄₄□iaŋ₂₂:蝌蚪}□{~□ɕi₂₄:垃圾}
ts	[1]斋{聊~}抓{~紧}[5]诈{~骗}债
tsʰ	[1]差{出~}[3]扯[5]蔡{姓}
s	[1]筛{~酒:倒酒}傻{三~四个:概数}[5]厦{大~}
z	[2]柴豺[4]惹2{~厌}[6]射{~涴:排便}
k	[1]家1{~生:物品}加1{~法}嘉1{~兴}街尬{尴~}[3]假{真~}贾{姓}解1{~放}[5]架嫁价1{~钿:价钱}介1{用于人名}界{~线}芥{~菜}疥{~疮}戒{~烟}庎{~橱:碗橱}□{□ɦuaʔ³⁴~:而且}
kʰ	[1]揩[3]楷
ɡ	[2]茄□{~~:等会儿}[4]解{~开}□{形容做事慢吞吞,很磨蹭}[6]骱{脱~:脱臼}
h	[3]蟹许1{几~:多少}
ɦ	[2]牙芽衙鞋
Ø	[1]挨{~牢:挨着}[3]矮[5]外{~公,~婆}挜{硬塞给对方}
#ia	
t	[1]爹{~~:爷爷}
tɕ	[1]家2{~庭}加2{参~}嘉2皆阶2{~级}佳□{~□bu₂₂经经:认认真真地}[3]假{放~}解2{~释,理~}[5]济{~手:左手}驾{~驶}价2{~格}借{~书}藉{~口}介2{~绍}届
tɕʰ	[5]笡{~转:歪斜的}□{~□[bε₂₄]:钹或鐃}
dʑ	[2]□{身体健壮的;有才干的}
ȵ	[2]鲇{~鱼}[3]惹1{~病:染病}
ɕ	[1]□{~□[tɕia₄₄]:聪明能干的}[3]写[5]卸
ʑ	[2]邪{~气}斜[6]谢
ɦ	[2]霞{凤冠~帔}爷{~娘:父母}涯崖
Ø	[1]鸦2{~片}耶{~稣}椰[3]雅{文~}也野[5]夏{姓}厦{~门}下2{~课}亚{~洲}夜
#ua	
k	[1]乖□{做~:接吻}[3]拐□{哄骗}[5]怪
kʰ	[1]夸[3]垮[5]快
h	[1]歪
ɦ	[2]华{姓;中~}
Ø	[1]蛙□{形容人品行不正}[3]□{我们,“我u⁵³”与复数后缀“·la”的合音}[5]外{~头}坏
#ε	
p	[1]蓖{~麻}杯碑卑{~鄙}悲班斑颁扳般搬畈{田~}[3]板版□{~~:女性外阴}[5]贝辈背{~脊头:背部}扮半绊
pʰ	[1]沛{充~}胚{懒惰~:懒货}坯攀潘拚{~死~活;~死命}[5]配盼襻{纽~}判
b	[2]培陪赔裴爿{一~店}盘瀊{水满溢出来}[4]倍佩伴拌叛[6]背{~课文}备痱{~子}瓣办畔{河~头}𨒃{躲藏;~盲:捉迷藏}
m	[1]蛮{副词,~好}[2]梅枚玫媒煤莓霉蛮{刁~}瞒馒鳗{~鲡:鳗鱼}𬜯{~裆裤:裆部缝合的裤子}[3]每美满晚1{~稻米;~娘:继母}□{~饭:午饭;~快边:中午}[5]妹慢漫
f	[1]藩翻番畈{黄家~,地名}[3]反[5]泛贩㽹{恶心想吐}𫧃 {“弗会”的合音,不会}
v	[2]凡帆烦矾繁□{~唾:唾液}[4]范{姓}范{~围}犯[6]饭万
t	[1]呆{书~子}堆耽担{~负}丹单旦{元~,读连调}端□{拿}□{~先卯:刚才}[3]胆掸{~灰尘}短[5]戴{姓}对担{挑~子}断{判~}锻□{蘸}□{~为:副词,极其,非常}
tʰ	[1]胎台{~州}推㷟{用热水烫使动物的毛脱落}贪坍滩摊瘫{风~}□{~□uε₄₄:相差;品行差或能力不行}[3]腿毯坦□{~乎乎:动作慢悠悠;□[paʔ⁴]~:慢慢地}□{拉扯}[5]态退探炭叹
d	[2]台{~湾}台{~风}苔{青泥滑~:青苔}抬潭谭谈痰檀坛弹{~簧}团{汤~}[4]待怠淡但断{~命货,詈语}[6]贷代袋队兑{~钞票:换整钱为零钱}诞{~生}弹{~珠}蛋段缎𤁡{~煞:淹死}□{水~:水坑~}
n	[2]南男难{~易}□{~落去:以后}[3]奶{~~:乳汁,乳房,又读na⁵³}暖{~热:暖和}[5]耐{性子慢}内难{~民}
l	[2]来雷蓝篮兰拦栏[3]乃{杨~武}垒览懒卵{~脬:睾丸}癗{~儿:皮肤上鼓起的小包}[5]类泪2{~腺}滥烂{东西~掉}乱□{~□[lɔ₂₄]:好吃的,馋嘴的}[6]榄{橄~}
ts	[1]灾栽追锥簪沾占{~卜}毡{~毯}钻{~洞眼:打洞}专劗{用刀剁}[3]者{或~}宰嘴2{~脯:嘴巴}斩展纂转2{~身,~圈圈}㜺{形容人或物美好}[5]再{~□faŋ⁵³:再次}载{~货}寨最赘醉暂赞灒{溅}战颤钻{电~}
tsʰ	[1]猜催崔吹炊参{~加}搀餐川穿2{~帮}[3]彩采睬惨铲产篡喘[5]菜脆翠串2{~通}□{拜~:做法事}
s	[1]腮鳃{~板}虽三杉衫珊山删酸[3]舍2{宿~}髓2{骨~}水2{~果}陕伞糁{饭~:饭粒}[5]赛碎岁税帅{元~}散{~发}疝扇2{电风~}算蒜
z	[2]才{~能}材财裁才{~□faŋ⁵³:副词,才}随垂蚕惭馋残禅缠{盘~}然燃传2{~达室}侪{全都}[4]社2{供销~}在{现~}罪{~过:可怜}站{车~}栈善[6]锐瑞隧绽{谷粒、果实饱满的}蹔{跑}
k	[1]该阶1{~沿石}甘柑泔尴{~尬}监1{牢~:监狱}干{天~}肝干{~燥}间1{房~}奸1{~人}[3]改感敢橄减1碱竿杆秆擀赶干{~部}裥{皱~:褶皱,皱纹;打~:起褶子}拣[5]锯{~子}概溉盖丐监1{太~}
kʰ	[1]开铅{~笔}□{~得:难道}[3]凯坎砍[5]嵌看{~书}
ɡ	[4]□{形容人憨,做事不会变通}[6]隑{倚靠;双~人:双人旁}
h	[1]虚1{肿胀}鼾[3]许2{里~:里面}海罕□{~□uε₂₂:很多}[5]喊汉焊苋{~头梗:苋菜}熯{烘烤饼或油煎蛋等}
ɦ	[2]呆{~咕咕:傻呆呆}孩{红~儿}咸{~淡}含函岩衔寒韩闲1颜1{~色}[6]害旱□{~板:一定,肯定}
Ø	[1]哀埃{~及}庵安鞍[3]亥{地支之一}馅{~子}眼限□{折叠}[5]碍艾爱憾暗岸汗按案晏{迟}
#ie	
p	[1]鞭编变边蝙{~蝠}□{~箕:篦子}[3]扁匾{圆形竹器;牌~}[5]遍{量词;~地}
pʰ	[1]篇偏[5]骗片
b	[2]便{~宜}[4]辨辩辫{~丝:辫子}[6]便{~当:方便}
m	[2]绵棉眠{~床:养蚕器具}[3]免勉缅{~甸}[5]面{~子;脸}麵
t	[1]颠癫{羊~疯}[3]点典底{下~:下面}[5]店
tʰ	[1]天添梯{~子}[3]舔
d	[2]甜田填钿{洋~:钱}□{~卯:刚才}[6]豆{~腐,又读dø¹³}电殿{长生~}奠{~仪}佃垫□{大力地摔到地上}
l	[2]廉帘连联怜莲[3]脸{雀~斑}□{~□ɕie₂₂:羞耻}[5]练炼楝恋
tɕ	[1]监2{~视}尖艰间2{中~}奸2{强~}煎肩坚砖1绢捐□{划~:划桨}[3]减2{~法}检简柬{~埔寨}剪茧趼笕{~桥,地名}转1{侧~:侧身}卷{~起来}□{~螺蛳:蜗牛}[5]鉴{~定}监2{国子~}占{霸~}剑箭建毽荐见卷{试~}
tɕʰ	[1]签{牙~;~字}谦迁千牵扦{~脚:修脚}穿1{~山甲}圈{圆~}□{~煞煞:形容女子举止轻浮}[3]浅遣[5]欠芡{~粉:淀粉}歉纤{~夫}串1{~过去}劝券
dʑ	[2]潜钳{老虎~;夹菜}拳权颧[4]渐践件倦[6]俭键健腱
ȵ	[1]黏研{~究}[2]严年原源泥{烂~}[3]砚{~瓦}染冉撚{用指腹掐}软阮捻{~线:缝织的线}□{~河泥:取河泥作肥料}
ɕ	[1]纤{~维}仙鲜{新~;朝~}搧{~巴掌}籼{~米}轩掀先闩拴{~皮带}宣喧□{痒}□{暴揍}[3]闪{霍~:闪电}险癣显选筅{~帚}[5]线扇1{蒲~}宪献楦{鞋~头}鏾{~鸡:阉鸡}
ʑ	[2]钱{~塘江}乾{~隆}前全泉旋{~开盖子:拧开盖子}传1{~落去:传递下去}椽船□{□sɿ₄₄~龙:壁虎}[4]鳝{~鱼}僎{捡拾}[6]贱{便宜}
ɦ	[2]咸{~阳}炎{发~}盐阎檐闲2{~林,地名}颜2{姓}延蜒{蚰~}言贤弦圆员缘沿元袁辕园援玄{~孙}悬渊[6]陷{~阱}焰谚
Ø	[1]淹阉醃焉烟胭冤[3]也掩𥀬{痂}演远䞁{比量长度}□{发~:滑稽,惹人发笑}□{厉~:厉害}[5]厌艳嫌雁堰{梅头~,地名}现燕{~子;姓}咽宴院怨县
#uε	
k	[1]瑰规龟2{乌~}归官倌{新小~:新郎}棺观{参~}冠{鸡~花}关[3]诡轨鬼2{细~头:谑称小孩}管馆[5]会{~计}刽桧{油煠~:油条}鳜闺桂贵贯灌罐冠{~军}惯
kʰ	[1]盔{头~}奎{人名用字}亏宽[3]傀款□{脚~子:脚踝}□{用手臂挽住}□{绕远路}[5]块筷
ɡ	[2]逵{李~}葵环[4]跪癸{天干之一}[6]溃{~疡}愧柜掼{~跤:摔跤}
h	[1]恢灰挥辉徽欢[3]悔{懊~}毁[5]晦讳焕唤{雇佣}□{甩}
ɦ	[2]桅回茴徊怀槐淮危违围2{~墙}完丸{~药}玩{古~}还{~钞票:还钱}还{~有}□{~□tsa₄₄:小孩子乖}[6]汇{~款}魏患
Ø	[1]煨{~番薯}威弯湾□{一顿:揍一顿}[3]伪委伟苇缓皖碗挽宛[5]会{不~}会{开~}惠{~钞:付钱}慧卫为{行~}为{~□ɡaʔ₄₄□zɿ₂₁:为什么}位畏{敌敌~}慰胃圩{用于村名,如中水~}换幻{~灯片}
#ø	
f	[3]否{又读fi⁵³}
m	[2]谋{又读mu¹¹³}[3]牡{又读mi⁵³}[6]茂贸{又读mɔ¹³}
t	[1]兜[3]斗{漏~}抖[5]斗{~争}
tʰ	[1]偷[3]敨{~被:展开被子}[5]透
d	[2]头投[6]豆{~芽菜;~腐,又读die¹³}痘{水~}脰{~颈:脖子}
l	[2]楼[3]篓{字纸~}[5]漏
ts	[3]走{~象棋}[5]奏
tsʰ	[5]凑
k	[1]勾{~里,地名}钩沟[3]狗[5]够{~弗牢:够不着}够{钱弗~}构购
kʰ	[1]抠[3]口[5]叩扣
h	[3]吼□{气~□da₂₂~:气喘吁吁}[5]候{~牢:蹲守}鲎{彩虹}□{被吸附住}
ɦ	[2]侯喉{~咙}猴[4]藕后{~头}后{~生}厚[6]候{时~}
Ø	[1]欧瓯[3]偶{配~}偶{~然}
#iø	
t	[1]丢
l	[1]溜[2]流刘留榴硫琉瘤{~芥菜:叶子上长瘤的芥菜}[3]柳
tɕ	[1]周舟州洲鸠纠{~缠,~正}灸究[3]酒帚{笤~}九久韭[5]昼{半下~:下半日;一~时:24小时}皱咒救
tɕʰ	[1]秋{~天}秋{~千}鳅{~□kua⁴⁴子:泥鳅}抽丘{~山,街名}[3]丑{地支之一}醜[5]臭
dʑ	[2]囚仇{姓}求球[4]臼{石~}舅[6]旧
ȵ	[2]牛[3]纽扭
ɕ	[1]修羞搜飕馊搜收休[3]手首守[5]秀绣锈瘦兽
ʑ	[2]绸筹{拿~:抽签}愁酬柔[4]受授𥣙{~钞票:存钱}[6]就袖宙寿售{~卖}
ɦ	[2]尤{姓}邮由油游犹[4]右佑[6]柚釉
Ø	[1]优忧悠幽{声音轻}[3]有友酉{地支之一}[5]幼
#ɔ	
p	[1]包胞[3]保堡宝饱[5]报豹爆{~米花}
pʰ	[1]抛脬{卵~:睾丸}□{香~:柚子}[5]帕{~子}泡{水~}泡{~茶}炮{~仗}
b	[2]袍跑{~步}[4]抱暴{~开头:刚开始;栗~}[6]鲍{姓}爆{~炸}鉋{~子}雹{冰~}瀑
m	[2]毛茅猫锚矛[3]卯{量词,次;地支之一}□{弗对~:不对}[5]冒帽[6]貌贸{又读mø¹³}□{副词,非常,或许是“木佬佬”合音而成}
t	[1]刀叨{唠~}[3]祷岛倒{~树:砍树;~灶:事情糟了}[5]到倒{~水,倒车}
tʰ	[1]滔涛[3]讨[5]套
d	[2]桃逃淘{~米}陶萄[4]道稻导[6]盗
n	[3]脑恼[5]闹{~热:热闹}
l	[1]捞唠{~叨}[2]劳牢□{~□zɔ₄₄:不要的杂物}[3]老□{木~~:很多}[5]涝痨
ts	[1]遭糟抓{~□ɕie⁴⁴:挠痒}朝2{今~:今天}昭招沼{~气}[3]早枣蚤{虼~:跳蚤}澡抓{~把瓜子}爪{~掐:指甲}找{~钞票:找零钱}[5]灶糙罩{~子}照□{下象棋时将对方的军}
tsʰ	[1]操抄超□{~麻将:打麻将}[3]草炒吵[5]钞{~票}躁{脾气~}□{蹭到}
s	[1]骚{~□kəʔ⁴头:雄鸡}臊{羊~气}梢{~头}筲{~箕:淘箩}稍烧2{~酒}[3]扫{~地}嫂少{多~}[5]燥{干}哨艄{把~}少{~爷}𢜶{豪~:容易地;快速地}
z	[2]曹槽朝2{~代}潮2{~湿}韶䐬{~□huo₄₄□huo₄₄:肚子微饥}[4]皂造赵扰[6]召绍{~兴}邵
k	[1]高膏篙羔糕交1{~待}胶{~水}教{~书先生}茭{~白}跤{掼~:摔跤}[3]稿绞{~干}铰搞[5]告教1{~佢:教他}校1{~正}窖觉{睏~}叫1{~花子;邀请}
kʰ	[1]敲缲{~边}[3]考烤[5]靠铐{洋~:手铐}
ɡ	[2]□{放置}[4]绞{线~勒一道:线绞在一起}
h	[1]蒿{~菜}哮{~子:有哮喘的人}□{油~气:油脂变质散发的味道}[3]好{~坏}[5]耗{消~}孝1{戴~}
ɦ	[2]熬豪壕毫[4]咬[6]傲浩
Ø	[1]凹[5]号{~码}懊{~恼,~悔}奥{~运会}澳{~门}□{仰头}□{夸奖}
#iɔ	
p	[1]标膘彪□{喷射}[3]表{~格}錶
pʰ	[1]飘[3]漂{~白}漂{~亮}[5]票
b	[2]瓢{~羹:汤匙}嫖薸{浮萍}[4]鳔
m	[2]苗描[3]藐渺秒[5]庙妙
t	[1]刁叼{嘴很~:挑剔}貂雕[3]鸟□{用针缝}[5]钓吊
tʰ	[1]挑{~担子}[3]挑{拣选}[5]跳{~远}粜
d	[2]条调{~料}跳{走}蜩{话知~:蝉}苕{~溪,河名}笤{~帚}[6]掉调{声~}调{~查}
l	[1]撩{在水中捞}[2]聊{~斋}辽{~宁}寥潦{~草}[3]了{~解}[5]料{~作:布料;调料}镣[6]疗{~养}
tɕ	[1]交2{~通}郊狡{~猾}焦蕉椒朝1{明~:明天}骄娇浇[3]矫缴饺[5]罩1{眼~:眼镜}校2{~对}教2{~室}较叫2{~子:哨子}□{~悔:后悔}
tɕʰ	[1]悄锹撬跷{~脚:跛足}[3]巧窍[5]俏{货品畅销}翘
dʑ	[2]巢{黄~}樵乔侨桥荞[6]轿{~车:汽车}挢{撬}
ȵ	[2]饶尧[3]绕{~线,围~}嬲{缠着,纠缠}[5]尿{~素}
ɕ	[1]消宵霄硝{~石}销逍烧1{~粥}嚣萧箫𢳚{掀开}□{~佢:不要;~得:不用}[3]小晓[5]酵孝2{~顺}笑肖{姓;~像}
ʑ	[2]朝1{~东}潮1{还~:返潮}[4]□{搅拌}
ɦ	[2]肴{~馔:菜肴}淆摇谣窑姚遥[6]效校{学~}耀
Ø	[1]妖邀腰要{~求}么{~~零}□{~年:将来}[3]舀□{眼睛深凹进去}[5]要{~紧,想~}鹞{~子:风筝}
#o	
p	[1]巴芭{~蕉}疤笆{篱~}[3]把{~方向;门~}耙{铁~}膊{臂~:手臂}[5]霸{~占}坝{堤~}坝{用于地名,如双条~}□{味道涩口}
pʰ	[5]怕
b	[2]爬琶{琵~}[4]杷{枇~}罢{戏文~着:戏结束了}
m	[2]麻{~药}痲蟆{蛤~田鸡:青蛙}□{~儿:女性外阴}[3]马1码□{□ȵieʔ²³~:表示十分可惜;十分看重}[5]骂
#uo	
t	[3]朵□{~辫丝:扎辫子}
n	[1]拿[3]囡{~儿:女儿}[2]哪{~吒}男{~儿家:男孩}
ts	[1]渣遮蔗[5]榨炸{~弹}
tsʰ	[1]叉杈{树桠~}差{~弗多:差不多}钗{~针:钗子}车{~子}[5]岔{~路口}
s	[1]沙纱砂痧{挑~:刮痧}赊[3]捨{弗割~:舍不得}产{坐~母:坐月子}[5]晒舍1{邻~隔壁}
z	[2]茶查蛇佘{~太君}[4]社1[6]射{~箭}麝
k	[1]瓜蜗[3]寡剐[5]挂卦褂{~儿:背心}
kʰ	[5]揢{~鱼:捕鱼}跨
h	[1]虾花□{打~鼾:打哈欠}[5]化{叫~子}
ɦ	[2]蛤{~蟆田鸡:青蛙}华{中~}华{~山}划{~船}
Ø	[1]鸦1{乌老~:乌鸦}丫桠{树~杈}[3]下1{~底:下面;播种}哑瓦{~爿头}□{瓤,量词}□{呕吐}[5]夏{~假:暑假}画话
#aŋ	
p	[1]帮梆梆浜{河~}绷{~紧}[3]榜绑[5]迸{裂开}
pʰ	[5]胖{黄~病:黄疸肝炎}碰{~牢:碰到,又读baŋ¹³}
b	[2]旁螃防1{联~队}庞朋彭{~埠,地名}膨{~胀螺丝}棚{羊~}髈{肋~骨:肋骨}𦗭{聋~:聋子}[4]棒2{~冰}蚌{~壳}甏□{~□mo₂₂□lε₂₂:记不清楚}[6]傍{~牢:挨着}碰{~牢:碰到,又读pʰaŋ³⁴}
m	[2]忙2{农~}芒{~种,麦~}茫2{迷~}盲{~子先生}氓[3]莽蟒网2{~络,老派}猛{闹~:热闹}蜢□{koʔ⁴~:蚱蜢}□{植物稠密}[5]望2{~东去:往东走}孟1{~家桥,地名;姓}
f	[1]方肪{脂~}坊{村~}芳[3]妨仿{模~}纺仿{~佛}仿{相~}访□{再~:再次;仍~:仍然}[5]放
v	[2]房防2{预~针}亡[6]忘2{遗~}望3{希~}
t	[1]当{~中心:正中间}[3]党挡档{~案}打[5]当{~铺}
tʰ	[1]汤趟{~水片:仰泳;打水漂}□{~□tsʰuo₄₄:以为}[3]倘{~为:倘若,如果}躺趟{~过去:滑过去}[5]烫
d	[2]堂棠螳{~螂}唐糖塘{~河:京杭运河}趤{~街路:逛街}□{推搡}[4]荡{~秋千}盪{用水涮或漂洗}
n	[2]囊{鼓鼓~~}
l	[2]郎廊{~柱}狼螂{螳~}[3]朗{~读}冷□{~~豆:豌豆}[5]浪{~费}㫰{~衣服}□{量词,一~:一瓣桔子}
ts	[1]赃脏{肮~}张2{姓}庄装妆章樟桩2争1{相~}睁2{~开}[3]长{生~}涨2{~价}掌2[5]葬帐账胀2壮{胖}障瘴
tsʰ	[1]仓苍舱疮{疥~}昌菖娼鲳{~条鱼:鱼的一种}窗{~爿:窗户}撑{~船}[3]闯厂[5]创唱
s	[1]桑丧{~事}霜孀{孤~}商伤{~风}双1{~~子:双胞胎}生1{~日}牲1{□tsoŋ⁴⁴~:畜生}甥{外~}声1{喊一~}□{~年糕:打年糕}□{臂□tsɿ⁴⁴~:手肘}[3]磉{柱~石}嗓爽赏省{浙江~}省{~钞票:省钱}[5]丧{~失}
z	[2]藏{隐~}长2{~短}肠2{~胃}场2{操~}床常2{经~}尝裳偿[4]丈2{一~高}杖2上{~去}[6]藏{~青}脏{心~}状尚上{~顶:上面}
k	[1]冈刚纲钢缸江2{长~}豇{~豆}更1{五~天}粳庚{年~}羹{瓢~:汤匙}埂{田~}耕1{~地}䢚{钻入}□{~~灶:用稻草和泥糊起来可移动的灶}[3]岗{~位}讲港梗1{菜~子}[5]杠{单~}降1{霜~}
kʰ	[1]康糠{砻~}坑{茅~}[3]慷{~慨}[5]抗囥{把东西藏起来}
ɡ	[2]□{涂抹}[4]戅{~大:傻瓜}哽{堵塞,卡住}
h	[1]夯亨{大~}
ɦ	[2]昂行{银~}行{流~}航{~船}杭桁{~条:檩条}绗{~针:缝被子的大针}
Ø	[1]肮{~脏}樱{~桃}[3]项{~目}杏{~花}[5]硬{~邦邦}
#iaŋ	
l	[2]良凉量{~米}粮梁粱[3]两{几~}辆[5]亮量{数~}[6]谅
tɕ	[1]将{~来}浆疆僵{~蚕}缰姜桩1江3{姓}睁1张1{~伞:撑伞;~~看:偷视}[3]蒋奖桨涨{1~大水:发洪水}掌1{巴~}[5]仗酱将{~领}胀1{肚皮~:肚胀}降2{下~}
tɕʰ	[1]枪羌腔{~气:语气}戗{~风:逆风}炝{~柿子:以石灰水浸泡去涩}[3]抢□{~刀:锅铲}[5]呛{咳嗽}
dʑ	[2]强{~大}[4]犟{性格倔强}
ȵ	[1]孃{~~:奶奶}[2]娘{~囡儿:母亲女儿}[3]仰[5]两{~个}酿让
ɕ	[1]相{~信}箱厢湘{~湖,地名}襄镶香乡双2{一~鞋子}[3]想鲞{鱼干}享响[5]相{照~机}向
ʑ	[2]墙详祥长1{~短}肠1{大~}场1{~户:地方}常1□{~kʰuo₄₄:可能}[4]象像橡丈1{~人}杖1[6]匠剩{~落:剩下}
ɦ	[2]羊洋烊杨阳扬疡{溃~}降{投~}
Ø	[1]央秧殃[3]养痒[5]样漾{用于当地小的河、湖,如塘泾~}巷{~口}映{放~}□{手伸出来}
#uaŋ	
k	[1]光[3]广[5]□{走动时水晃出来}□{漂洗碗}
kʰ	[1]匡筐眶框[3]矿[5]旷{~工}
ɡ	[2]狂
h	[1]荒慌□{~白眼:翻白眼}[3]谎晃[5]□{蛋~:蛋黄}
ɦ	[2]黄簧{弹~}皇蝗凰王横{~线}
Ø	[1]汪□{形容人强悍凶蛮}[3]网3{~络,新派}往{来~}[5]旺
#eŋ	
p	[1]彬宾槟滨殡奔冰兵[3]本畚丙秉饼[5]柄并{合~}
pʰ	[1]喷{~水}喷{~香}烹姘{~头:情人}拼[3]品[5]聘
b	[2]贫频苹盆凭平坪评瓶屏萍[4]并{~排}[6]病
m	[2]闽民门蚊{~子}萌鸣明盟名铭□{~koŋ₄₄:聪明能干}[3]敏皿[5]闷问1{~~看}明脗{嘴巴紧闭}
f	[1]分芬纷[3]粉[5]粪奋
v	[2]焚坟文纹闻{乡~:风俗}[4]愤忿[6]份问2{~题}
t	[1]敦墩{~头板:砧板;桥~}蹲{住}登灯丁钉{~头:钉子}疔{~疮}膯{鸡~脯:鸡嗉子}[3]等戥{~子秤}顶[5]顿凳镫澄钉{~书针}订𤺌{食物不消化}□{用手掂量}
tʰ	[1]吞听厅汀{水门~:水泥}氽{漂浮;油炸}[3]艇{飞~:飞机}挺侹{以双手托举起来}[5]褪{脱;蜕}
d	[2]屯{~里,地名}豚{河~}饨臀{坐~头:猪臀肉}沌腾藤亭停廷庭{~柱}蜓{蜻~}[4]囤锭[6]盾钝邓定□{顶撞}
l	[1]拎[2]林淋临邻磷疄{畦}仑伦沦轮囵{囫~吞}能{~够}棱陵凌菱灵零铃伶玲龄翎鸰{鹞~:老鹰}[3]领岭宁{~可}[5]赁嫩令另[6]吝论{~语}论{~文}
ts	[1]针斟珍臻真2尊遵曾增征蒸争2{~斗}筝贞侦正1{~月}征[3]枕1{~头}诊准拯整[5]镇振震证症正{~常}政
tsʰ	[1]侵亲{~眷;~家婆}村椿春称清青皴{~□tsʰɔ₂₂:皮肤发红磨破}[3]寝请[5]趁衬寸秤
s	[1]心芯森参{西洋~}深辛新薪身申{~报}伸孙荀僧升生2{~菜,菜名}牲2{牺~}笙声2{~音}蜻{~蜓}星腥□{“些儿”合音}□{~~:常常}[3]沈审婶损笋榫醒[5]渗胜性姓圣{~塘河:地名}
z	[2]寻浔{南~,地名}沉壬{天干之一}任{姓}秦陈尘神辰晨臣人2{~民广场}仁2{~和,地名}存唇纯曾层澄{~清巷,地名}惩橙乘{~法}绳塍承丞仍2情晴呈程成城诚盛{~饭}[4]蕈{菌类总称}葚甚肾吮静□{~根牙:智齿}[6]任{责~}纫{缝~机}阵慎刃认2{~真}顺润2{~~喉咙}赠净郑□{~统:全部}
k	[1]今{~朝}跟根更2{~换}耕2{机~路}[3]梗2{心肌~塞}耿
kʰ	[3]恳垦肯
h	[1]哼[5]擤{~鼻涕}□{厉害}[3]很
ɦ	[2]痕恒衡[6]恨
Ø	[1]恩
#iŋ	
tɕ	[1]金禁襟津巾斤筋均钧君军真1{~假}京荆惊精腈{~肉:瘦肉}晶睛正2{~月}经□{~头:热水瓶的塞子}[3]枕2{~头}锦尽{~管}紧谨俊菌{细~}景警井靖颈[5]浸禁{~止}进晋{~升}境敬竟{~然}镜径{~山,山名}经
tɕʰ	[1]钦卿轻倾[3]顷[5]揿庆
dʑ	[2]琴禽擒勤芹群裙擎琼循{又读ʑiŋ¹¹³}巡{又读ʑiŋ¹¹³}[4]尽{~量}近[6]劲{~道}竞
ȵ	[2]吟人1{一个~}仁1{杏~}银{~行}仍1~□{faŋ⁵³:仍然}凝迎宁{~波}[3]忍[5]认1{~得}韧润1{滋~}
ɕ	[1]欣荀熏勋薰馨[3]省{反~}[5]信讯衅{挑~}迅训兴{~旺}兴{高~:情愿;草木生长茂盛}
ʑ	[2]询旬循{又读dʑiŋ¹¹³}巡{又读dʑiŋ¹¹³}饧{~糖:饴糖,麦芽糖}
ɦ	[2]淫寅匀云{~帐:云}耘{~田}行{~为}盈赢形型刑萤营□{~空里:突然之间}[6]晕{~蒙蒙}
Ø	[1]音阴荫{~凉}因姻殷尹{姓}应{~当}鹰{~架:脚手架}蝇莺鹦英缨{红~枪}[3]饮{~料}引隐瘾允影颖□{火或灯灭}[5]洇{渗透}印闰熨韵运应{答~}孕幸瀴{凉}
#ueŋ	
k	[3]滚[5]棍
kʰ	[1]昆{~山}昆{~仑}坤[5]困睏{~觉}
ɡ	[4]捆{一~柴}
h	[1]昏婚荤
ɦ	[2]魂馄浑混
Ø	[1]温瘟{猪头~:腮腺炎}蕰{~草:一种水草}[3]稳
#oŋ	
p	[1]崩{~溃}
pʰ	[1]胮{膨胀}[3]捧
b	[2]篷{风~船}蓬[4]棒1{一根~}埲{~尘}
m	[2]忙1茫1{头白~~:形容感到前途渺茫}蒙{~古}蠓{~虫}[3]网1{一口~}[5]磨{~子}忘1{~记}望1{~~看:看望}孟2{~子}梦□{~儿:谜语}[6]懵{~~懂懂}
f	[1]风枫疯丰封峰蜂锋[3]讽{~刺}[5]□{脏东西}
v	[2]冯逢缝{~衣裳}[4]奉{~承}[6]凤俸缝{~道:缝隙}
t	[1]东冬[3]董懂[5]冻栋{~柱}
tʰ	[1]通[3]捅统[5]痛
d	[2]同铜桐筒童瞳茼{~蒿}胴{~肛:屁眼}[4]桶动[6]洞
n	[5]糯{~米}弄{~弗拎清:搞不清楚;~堂,又读loŋ³⁴}
l	[2]咙{喉~头}笼聋砻{~糠}脓隆龙[3]拢{~共}陇垅[5]弄{~堂,又读noŋ³⁴}
ts	[1]棕宗中2{当~心}忠终踪钟2{~头:小时}锺盅{酒~}□{~牲:畜生}[3]总种{品~}[5]粽综众中{~奖}种2{~树}
tsʰ	[1]聪匆葱囱充铳{火~}冲舂2[3]宠
s	[1]松{~紧}松{~树}嵩[3]𢱤{弄~:捉弄}[5]宋送
z	[2]丛虫2崇{~贤,地名}从{~头开始}重{~复}茸2㞞{精液}[4]重2{~量}[6]仲诵颂讼{~师}
k	[1]江1{~碗:大碗}扛{~起来}肛{胴~:屁眼}公蚣工功攻弓躬宫恭供{~销社}[3]汞拱{~宸桥,地名}巩[5]贡供{~菩萨}
kʰ	[1]空{~间}[3]孔恐[5]空{有~}控
ɡ	[6]共
h	[1]轰{~炸}烘齆{~鼻头:因鼻塞而发音模糊不清}[3]哄{起~}哄{~骗}轰{~出去}
ɦ	[2]弘宏红洪鸿
Ø	[1]翁{~梅,地名;姓}□{~□ua⁴⁴:汪刺鱼:黄颡鱼}[5]瓮□{桌椅等摇晃不稳定}
#ioŋ	
tɕ	[1]中1{当~心}钟1{~头:小时}□{把东西重重地放在桌上}[5]种1{~树}□{蹦;窜}
tɕʰ	[5]𥅻{打瞌~:瞌睡}蹱{往前绊了一下;走路不稳}
dʑ	[2]虫1穷[4]重1{~要}[6]撞□{碗等摞起来}
ȵ	[2]农浓绒{羽~衣}茸1{鹿~}
ɕ	[1]兄舂1胸凶匈
ɦ	[2]荣熊雄融容蓉{芙~}镕溶熔
Ø	[1]雍{~正}庸{金~}壅{~土}[3]永泳咏拥甬勇涌[5]用佣
#aʔ	
p	[7]拨{~算盘子}百柏伯擘{~开}□{~□tʰε⁵³:慢慢地}
pʰ	[7]泼泊{水~梁山}迫{逼~}拍魄珀{琥~}
b	[8]钹白
m	[8]末沫陌麦脉墨{又读moʔ²³}默{又读moʔ²³}
f	[7]发{头~}发{~达}法
v	[8]乏伐筏罚浌{~~:泡沫}
t	[7]答搭瘩{疙~}嗒{~滋味:尝味道}㞘{末~:最末的}
tʰ	[7]獭{水~}塔榻{竹~}塌遢{邋~}澾{地滑~:一种可食用地衣}□{搽、抹(粉)}𡍲{个~:这里}□{~过:错过;误车}□{覆~睏:趴着睡}
d	[8]踏沓{一~书}达
n	[8]纳{出~}衲{尿布}捺
l	[8]垃{~圾}腊蜡鑞{锡}邋{~遢}辣猎{又读liaʔ²³}瘌{~痢头}□{皮肤被抓破}□{~奶奶:婴儿断奶}
ts	[7]扎{包~}窄摘隻{量词}□{撒}
tsʰ	[7]插擦{黑板~}察拆策册赤斥尺□{形容小孩子性子顽皮}□{扎;两手掐住脖子}
s	[7]萨杀栅{南~口,地名}
z	[8]杂闸煠{白~蛋}铡着2{睏~:睡着}宅{~基地}石砸{~脚:用力地跺脚}𧼰{~出去:突然出现}□{硬塞进另一物体中}
k	[7]合{~算:划算}夹{洋~:钱夹}裌{~袄}甲1{穿山~}胛{肩~膀}胳{肋~子底落:腋窝}格骼隔{~壁}嗝{打~□təʔ⁴:打嗝}
kʰ	[7]掐渴{~望}客
ɡ	[8]轧{挤,拥挤;~朋友:找对象;~谷:碾谷}□{蛇~:带状疱疹}
h	[7]瞎赫吓
ɦ	[8]合{~格}盒狭{~窄}额核{~对}齾{~缺子:碗等器物上的缺口}
Ø	[7]阿{~哥}鸭压押□{~断:折断}□{~mie₂₄:等会儿}
#iaʔ	
tʰ	[7]帖贴
d	[8]碟蝶谍
l	[8]猎{又读laʔ²³}略掠
tɕ	[7]甲2{天干之一}着{~衣裳}雀{~脸斑}脚角2{~色}颊{面~骨:颧骨}
tɕʰ	[7]恰鹊却
dʑ	[8]嚼{~舌头,又读ʑiaʔ²³}
ȵ	[8]捏箬{~叶}
ɕ	[7]削
ʑ	[8]嚼{~舌头,又读dʑiaʔ²³}着1{睏~:睡着}
ɦ	[8]协{~会}侠{七~五义}药钥液腋
Ø	[7]约厣{鳞片}
#uaʔ	
k	[7]括刮□{翼~:翅膀}
h	[7]豁劐{~开:用刀破开}□{泼水}
ɦ	[8]滑猾划{计~}□{~□ka³⁴:而且}
Ø	[7]挖
#əʔ	
p	[7]畀{动词,给}不{~锈钢;~过}钵{~头,又读poʔ⁴}
b	[8]勃𥹸{米~:米粉}
m	[8]没{又读moʔ⁷}
f	[7]弗佛{仿~}
v	[8]佛{念~}
t	[7]掇{~碗:端碗}得德□{打嗝~:打嗝}
tʰ	[7]忒
d	[9]夺突{~出}特
l	[8]捋肋勒
ts	[7]折{~纸飞机}褶执汁{果~}哲蜇折{存~}浙质则侧织职责
tsʰ	[7]撮{~方子:抓药,又读tsʰoʔ⁴}彻撤七漆出测戚□{一~:一阵}
s	[7]摄涩湿2设刷说2瑟虱失室率塞色啬识2{认~}式饰适释{解~}
z	[8]涉蛰折{~本}十2什{~锦菜}拾入2{~党}舌2侄2秩实日2{~本}术{金兀~}术{算~}述贼直2值2{~班}食{小~儿:零食}殖植泽择
k	[7]个{几~,又读koʔ⁷}蛤{~蜊}割葛革吃{~嘴:口吃的人}疙{~瘩}虼{~蚤:跳蚤}□{眨眼,闭眼}□{骚~头:雄鸡}
kʰ	[7]磕瞌{打~𥅻:瞌睡}刻{一~钟}刻{~刀}克□{一~:双手一抱的大小}
ɡ	[8] 𢷒{夹在腋下;抱着}
h	[7]黑
#ieʔ	
p	[7]鳖憋瘪笔毕必逼碧璧壁滗{挡住残渣使液体流出}
pʰ	[7]撇匹僻辟劈
b	[8]鼻枇{~杷}别{~针;区~}蹩{~脚:质量差的}荸{~荠}
m	[8]灭搣{~螺丝:拧螺丝}篾蔑密蜜觅
t	[7]跌的{打~;目~}滴嫡扚{掐一段葱或菜叶等}
tʰ	[7]铁踢剔
d	[8]叠笛敌狄
l	[8]立笠粒列烈裂劣栗律{法~}率{效~}力历{~史;日~}
tɕ	[7]接劫急级给杰揭节结䥛{~子:镰刀}诀吉卒{象棋棋子}橘即鲫戟剧{~烈}积迹脊{背~头:背部}绩击□~{□tsoʔ⁴:污渍}
tɕʰ	[7]契妾怯缉{~鞋底}泣切窃{(扒手)偷}楔乞喫
dʑ	[8]捷集习{~惯}急及绝疾掘{~笋}极剧{电视~}籍{~贯}
ȵ	[8]聂镊业入1{~赘}热孽日1{~脚:日子}虐疟逆{~风}溺□{~□mo⁵³:表达很可惜;十分看重}
ɕ	[7]胁湿1吸薛泄歇{一~~:一会儿}蝎屑{木~}雪说1{讲~话:说话}血悉膝戌恤{T~衫}息熄识1{~得}惜昔锡{无~}析畜□{揭开(盖子)}
ʑ	[8]袭十1舌1{~头}侄1{~儿}直1{笔~}值1{~钿:值钱;把人或物当宝贝}席夕寂
ɦ	[8]叶{~爿:叶子}页月越{~剧;~加}逸翼{~□kuaʔ⁴:翅膀}益亦译
Ø	[7]揖噎乙一
#oʔ	
p	[7]八博剥驳北钵{膝~头:膝盖,又读pəʔ⁴}□{~鸟:阴茎}
pʰ	[7]朴扑覆1{~□tʰaʔ⁴睏:趴着睡}
b	[8]拔薄箔{镴~}仆{~人}
m	[8]摩{~托车}抹袜没{~𤁡𤁡:潜水,又读məʔ²³}墨{又读maʔ²³}默{又读maʔ²³}莫{~干山}膜寞摸木目{天~山}穆牧
f	[7]复{~兴}福幅蝠{蝙~}复{~杂}腹辐覆2蝮复{~原}
v	[8]缚服伏{~天}袱{作包袱的布}
t	[7]啄1笃{~定}督沰{滴,量词}厾{丢;扔}豛{把不齐的纸、文件等轻击使整齐}□{陡}□{竖起来}□{做衣服时因衣料不够而拼接一小块}
tʰ	[7]脱托{~人}托{~词}拓秃庹{一~:两臂平伸时两手之间的长度}
d	[8]踱{~方步}凙{停~:冬日檐下结的冰柱}独读毒□{形容人脑子有问题}
n	[8]诺
l	[8]落洛络{~麻}乐{快~}鹿禄六陆{博~,地名;姓}绿录髅{鸡骷~:鸡骨架}簏{壳~:外壳}
ts	[7]作斫{~草}桌2卓琢啄2捉𡎺{~漏:翻修屋面使之不漏水}竹2筑祝{~英台}足烛2□{□tɕieʔ⁷~:污渍}
tsʰ	[7]撮{又读tsʰəʔ⁷}戳2畜2{~牲}促触
s	[7]十{~五}蟀索朔速肃宿缩2叔2粟{~米:玉米}束□{用刀切}
z	[8]凿昨若弱浊族熟2塾{私~}淑俗续赎蜀属辱㪬{用拳头或手肘打}□{鸭等扁嘴动物啄}□{直盯着看}
k	[7]个{几~,又读kəʔ⁴}骨各阁搁郭觉1{~着}角1{~落}国穀谷□{~蜢:蚱蜢}□{漱口}
kʰ	[7]阔廓扩确1{~实}壳哭酷骷{鸡~髅:鸡骨架}
ɡ	[8]□{卡住}
h	[7]忽霍藿寣{一~觉}
ɦ	[8]兀{金~术}核{果~}鹤岳1{老东~,地名}学1{~生}或惑喉{~咙头}
Ø	[7]恶{善~}握屋
#ioʔ	
tɕ	[7]决桌1觉2{~得}竹1粥菊鞠{~躬}烛1
tɕʰ	[7]缺屈戳1{用棍子~}确2{的~良,dacron音译}畜1{~牲}麴曲蛐{~知儿:蟋蟀}
dʑ	[8]倔镯浞{淋}逐轴{~承}焗{~油}局𧤼{角顶住}□{~ueŋ₄₄鸟:猫头鹰}
ȵ	[8]肉褥{~单:床单}𢫭{~面:揉面}
ɕ	[7]缩1叔1蓄嗍{吸}
ʑ	[8]熟1
ɦ	[8]悦阅粤穴{~位}岳{姓,~飞}岳2{三山五~}乐{音~}学1{~习}域疫役育玉狱欲浴
Ø	[7]郁{~金香}
#uoʔ	
z	[8]勺{铜~}芍
ɦ	[8]活获镬{锅}囫{~囵吞}葫{~芦:瓠瓜}猢{~狲:猴子}
#əl	
Ø	[2]儿2{幼~班}而{~且}[3]耳2{~机}
#m̩	
Ø	[1]姆{~妈}[3]母{丈~娘;又读mu⁵³}拇{大~节头管:大拇指;又读mu⁴⁴}亩{又读mu⁵³}蚁{白~}
#n̩	
Ø	[1]姨1{~娘:父亲或母亲的姐妹}[2]吴1{~江}鱼渔儿1{~子}呒{~得:没有}[3]五午1{端~}耳1{~朵}尾1{~巴}[5]芋1{~艿:芋头}二1{十~}
