tsɿ	1	猪褚诸蛛株朱硃珠雌知蜘支枝肢栀眵[眼~:眼屎]资姿咨脂兹滋之芝汁粢[~毛圆子:糯米肉丸]□[低头]□[头~出去:头伸出去]□[支撑]□[~煞:打死]□[臂~□saŋ⁴⁴:手肘]
tsɿ	3	主紫纸旨指子梓[~树]止趾[亭~,地名]址齿[牙~]嘴[~唇]渚[良~:地名]
tsɿ	5	著拄注蛀铸制智致稚至置志痣疰[~夏:苦夏]
tsʰɿ	1	痴
tsʰɿ	3	处[~理]此耻厕
tsʰɿ	5	刺次处[~暑]
sɿ	1	鸶[鹭~]梳[木~]蔬[菜~:菜肴]书舒输[~赢]筛[~子]斯撕施私师狮尸[~体]司丝思诗尿□[量词,一~饭:一餐饭]
sɿ	3	暑鼠赐死[~人]使始水[~獭]
sɿ	5	世势施四肆伺[~候]史驶试
zɿ	2	除如[~果]厨橱[粮~]儒池驰匙瓷餈[镬~:锅巴]迟慈[~溪]磁辞词祠[~堂]持时鲥锤[蒲~:锤子]茨[~菇]
zɿ	4	墅[拱~,地名]柱[~磉石]苎[~麻]乳[腐~]是氏似巳[地支之一]痔士仕柿市
zɿ	6	住树誓逝自[~家:自己]示视字寺饲治事侍睡[~咪咪:犯困]穗[稻~头]
pi	1	卑[~贱]屄[女阴]
pi	3	鄙比
pi	5	闭臂秘
pʰi	1	披批
pʰi	5	屁
bi	2	皮疲脾琵[~琶]肥[洋~皂]坒[层,量词]
bi	4	被[一床~]
bi	6	弊[作~]币毙鐾[~刀布,~洋火:划火柴]避庇痹
mi	1	微[一~~:一点点]渳[小口喝]味[滋~]□[~一歇:小睡一下]
mi	2	迷谜弥[~勒]眉[~毛]
mi	3	米蕊[花~头]尾[~巴]牡[又读mø⁵³]
fi	1	非飞妃菲榧[香~]
fi	3	诽[~谤]匪翡否[~定,又读fø⁵³]
fi	5	废肺费□[油炸]
vi	2	维[~生素]唯惟肥[~肉]微[~小]薇[蔷~]浮[~尸,詈语]
vi	4	负[~担]
vi	6	未[地支之一]味[~精]
ti	1	低
ti	3	底抵
ti	5	帝渧[水滴下来]蒂
tʰi	1	梯[楼~]
tʰi	3	体
tʰi	5	替涕剃屉嚏
di	2	堤题提蹄啼
di	4	弟
di	6	第递地
li	2	驴犁黎离[~开]篱璃[玻~]梨厘
li	3	吕[~洞宾]旅虑滤礼李里裏[~许:里面]理鲤[~头]鱼沥[~~干:沥干]
li	5	例厉[~□ie⁵³:厉害]励丽荔[~枝]利痢[瘌~头]泪[眼~水]
li	6	隶
tɕi	1	车[象棋棋子]拘齑[讨厌~糟:很讨厌]鸡稽[滑~]饥肌几[茶~]基箕[粪~]几[~乎]机龟[乌~掼石板,硬碰硬,俗谚]
tɕi	3	姐挤己讥[~笑]几[~个]鬼[细~□pa₂₂□pa₂₂,称小孩]
tɕi	5	举句祭际穄[芦~粟:高粱]济计继系[~鞋衣带]只[~有]寄纪[~念品]记既季
tɕʰi	1	蛆[米~虫]区驱躯妻凄悽溪[~沟;苕~,河名]欺
tɕʰi	3	取启企起杞[枸~子]岂
tɕʰi	5	去趣砌器弃气汽
dʑi	2	衢[~州]奇骑其棋期旗祈屐[木~]
dʑi	6	剂技妓忌[~嘴]
ȵi	1	蚁[蚂~;蚕~:蚕蛹]
ȵi	2	泥倪宜[~兴]仪[贺~:贺礼]尼[~龙]疑[~心]愚
ȵi	3	女语
ȵi	5	御[~赐]艺谊义[~乌]议腻[~心:恶心]二[~胡]毅
ɕi	1	靴些[~稍点:一点点]胥[伍子~]虚[心~]须需吁[长~短叹]西栖[塘~,地名]犀兮[神经~~]牺嬉熙[康~]禧[慈~]希稀
ɕi	3	许[~仙]洗[~衣机]死[~尸,詈语]喜髓[脑~搭牢:骂人脑子坏掉了]
ɕi	5	絮细系[中文~]系[联~]戏
ʑi	2	徐齐脐[~带]
ʑi	6	荠[~花菜]序叙绪[光~]聚
ɦi	2	佢[第三人称代词]余[~杭]餘愉俞[姓]榆移夷姨[~娘:母亲的姐妹,又读n̩¹¹³]遗围[~腰裙:半身围裙的旧称]
ɦi	6	与[连词]易[容~;交~]肄异
Øi	1	伊[~拉克]医衣依盂[痰~盆]於[~潜,地名]
Øi	3	雨禹[~皇庙,当地的寺庙]羽椅已以[~为]□[副词,表“又”义]
Øi	5	预[~防针]誉芋[~奶:芋头,又读n̩³⁴]姨[阿~]意喂纬[~条:织布机上的纬线]忆亿□[头~倒:低头]
pu	1	波菠玻播[广~]
pu	3	补
pu	5	布佈
pʰu	1	坡铺[~床]潽[液体沸腾溢出]
pʰu	3	谱普浦[~东]
pʰu	5	破铺[店~]
bu	2	婆蒲[~扇]菩脯[嘴~:嘴巴]葡[~萄;山~萄:山核桃]蔔[萝~]□[抚摸]□[~头:植物的根部]
bu	4	部簿篰[一种竹制农具]
bu	6	薄[~荷]步埠[河~头]伏[~太阳:晒太阳;~小鸡:孵小鸡;蹲下]
mu	2	磨[~洋工:做事懈怠爱拖延]魔摩[按~]模[~子]摹[~仿]谋[又读mø¹¹³]
mu	3	某亩[又读m̩⁵³]母[老~鸡,又读m̩⁵³]拇[又读m̩⁵³]
mu	5	暮慕墓募幕
fu	1	夫肤敷俘[~虏]麸[~皮]
fu	3	府腑甫[杜~]辅
fu	5	付富副
vu	2	符扶芙无[~所谓]浮[~起来]
vu	4	武舞鹉负[~责任]
vu	6	父腐[~乳;又读u³⁴]侮傅[师~,又读ɦu¹³]附务[又读ɦu¹³]雾[~露:雾]妇
tu	1	多都[~城]都[~是]
tu	3	堵赌肚[~子:动物的胃]
tʰu	1	拖[~拉机]
tʰu	3	妥[~当]土吐[~痰]
tʰu	5	吐[呕~]兔
du	2	驼[~背]驮[(人)背]徒屠[杀猪~:屠夫]途涂图□[鸡、鸟类等嘴衔着]
du	4	杜肚[~皮:人的肚子]
du	6	舵陀[普~]大[~小]惰度渡镀
nu	2	奴捼[揉]
nu	3	努
nu	5	怒
lu	1	啰[~嗦]
lu	2	罗萝锣箩螺[~丝]脶~纹卢炉芦庐鸬[~鸟,地名]
lu	3	裸鲁橹虏卤撸[用手将东西归拢过来;捋(袖子)]
lu	5	路露鹭[白~]
tsu	1	租
tsu	3	左佐祖组阻
tsu	5	做
tsʰu	1	搓[~衣裳]粗初
tsʰu	3	楚础
tsʰu	5	锉[~刀]醋措错[对~]
su	1	蓑梭唆[啰~]苏酥梳[~妆台]鬚[胡~]
su	3	锁琐所[派出~]数[~钞票]
su	5	素诉塑数[~目]
zu	2	锄
zu	4	坐座
zu	6	助
ku	1	哥歌锅[钢中~子:铝锅]姑菇[香~]孤鸪
ku	3	果裹古估[~计]故固股鼓贾[商~]
ku	5	个[~体户]过[~去;传染]雇顾
kʰu	1	科窠棵颗箍[~桶]枯
kʰu	3	可苦
kʰu	5	课库裤
hu	1	呼[~气]□[大口地喝]
hu	3	火伙虎浒[水~]斧[~头]
hu	5	荷[薄~]货
ɦu	2	蛾鹅俄河何荷[~花]和[仁~,地名]禾吴[姓]梧胡湖狐壶鬍[~鬚]糊蝴
ɦu	6	傅[师~,又读vu¹³]务[又读vu¹³]贺[~仪:贺礼]沪互护戊[天干之一]
Øu	1	阿[~弥陀佛;~胶]窝[~心:贴心]莴[~苣笋]乎[热~~]乌[~青]坞[用于地名,如梅家~]污焐[使暖和:~热]诬[~赖:耍赖]
Øu	3	我伍[退~]午[地支之一]户[~口]
Øu	5	饿卧[~铺]涴[屎;陷入泥中]误悟[孙~空]腐[豆~,又读vu¹³]
pa	3	摆
pa	5	拜
pʰa	5	派
ba	2	排牌簰[竹~]徘[~徊]
ba	6	稗[~草]败
ma	1	妈[姆~:妈妈]
ma	2	埋□[~□u₄₄:不可以,不能]
ma	3	买马[~~虎虎]
ma	5	卖□[~□[ha₂₄]:许多]
ta	1	担[~心思:操心]
ta	5	戴[~帽子]带
tʰa	1	拖[~舌头:伸出舌头;拖动]
tʰa	5	太[~~:曾祖父母]泰[~山]
da	2	□[~怕:恐怕]
da	4	䈆[竹器农具]
da	6	大[~学]大[~夫]汏[清洗]埭[用于地名,如周家~;量词,趟]
na	3	奶[~粉;~~:乳汁、乳房,又读nε⁵³]□[~□[ȵie₂₂]:害羞,没脸]□[~□[ha₄₄]:如何]□[你们,“尔n̩⁵³”与复数后缀“·la”的合音]
na	5	烂[~泥:泥土]
la	1	拉
la	2	□[他们]
la	3	攋[划破]□[~起来:起床]□[~车:一种农具]
la	5	赖癞[~□tʰa³³□bu⁵³:癞蛤蟆;~□sɿ₂₄□u₄₄□iaŋ₂₂:蝌蚪]□[~□ɕi₂₄:垃圾]
tsa	1	斋[聊~]抓[~紧]
tsa	5	诈[~骗]债
tsʰa	1	差[出~]
tsʰa	3	扯
tsʰa	5	蔡[姓]
sa	1	筛[~酒:倒酒]傻[三~四个:概数]
sa	5	厦[大~]
za	2	柴豺
za	4	惹[~厌]
za	6	射[~涴:排便]
ka	1	家[~生:物品]加[~法]嘉[~兴]街尬[尴~]
ka	3	假[真~]贾[姓]解[~放]
ka	5	架嫁价[~钿:价钱]介[用于人名]界[~线]芥[~菜]疥[~疮]戒[~烟]庎[~橱:碗橱]□[□ɦuaʔ³⁴~:而且]
kʰa	1	揩
kʰa	3	楷
ɡa	2	茄□[~~:等会儿]
ɡa	4	解[~开]□[形容做事慢吞吞,很磨蹭]
ɡa	6	骱[脱~:脱臼]
ha	3	蟹许[几~:多少]
ɦa	2	牙芽衙鞋
Øa	1	挨[~牢:挨着]
Øa	3	矮
Øa	5	外[~公,~婆]挜[硬塞给对方]
tia	1	爹[~~:爷爷]
tɕia	1	家[~庭]加[参~]嘉皆阶[~级]佳□[~□bu₂₂经经:认认真真地]
tɕia	3	假[放~]解[~释,理~]
tɕia	5	济[~手:左手]驾[~驶]价[~格]借[~书]藉[~口]介[~绍]届
tɕʰia	5	笡[~转:歪斜的]□[~□[bε₂₄]:钹或鐃]
dʑia	2	□[身体健壮的;有才干的]
ȵia	2	鲇[~鱼]
ȵia	3	惹[~病:染病]
ɕia	1	□[~□[tɕia₄₄]:聪明能干的]
ɕia	3	写
ɕia	5	卸
ʑia	2	邪[~气]斜
ʑia	6	谢
ɦia	2	霞[凤冠~帔]爷[~娘:父母]涯崖
Øia	1	鸦[~片]耶[~稣]椰
Øia	3	雅[文~]也野
Øia	5	夏[姓]厦[~门]下[~课]亚[~洲]夜
kua	1	乖□[做~:接吻]
kua	3	拐□[哄骗]
kua	5	怪
kʰua	1	夸
kʰua	3	垮
kʰua	5	快
hua	1	歪
ɦua	2	华[姓;中~]
Øua	1	蛙□[形容人品行不正]
Øua	3	□[我们,“我u⁵³”与复数后缀“·la”的合音]
Øua	5	外[~头]坏
pε	1	蓖[~麻]杯碑卑[~鄙]悲班斑颁扳般搬畈[田~]
pε	3	板版□[~~:女性外阴]
pε	5	贝辈背[~脊头:背部]扮半绊
pʰε	1	沛[充~]胚[懒惰~:懒货]坯攀潘拚[~死~活;~死命]
pʰε	5	配盼襻[纽~]判
bε	2	培陪赔裴爿[一~店]盘瀊[水满溢出来]
bε	4	倍佩伴拌叛
bε	6	背[~课文]备痱[~子]瓣办畔[河~头]𨒃[躲藏;~盲:捉迷藏]
mε	1	蛮[副词,~好]
mε	2	梅枚玫媒煤莓霉蛮[刁~]瞒馒鳗[~鲡:鳗鱼]𬜯[~裆裤:裆部缝合的裤子]
mε	3	每美满晚[~稻米;~娘:继母]□[~饭:午饭;~快边:中午]
mε	5	妹慢漫
fε	1	藩翻番畈[黄家~,地名]
fε	3	反
fε	5	泛贩㽹[恶心想吐]𫧃[“弗会”的合音,不会]
vε	2	凡帆烦矾繁□[~唾:唾液]
vε	4	范[姓]范[~围]犯
vε	6	饭万
tε	1	呆[书~子]堆耽担[~负]丹单旦[元~,读连调]端□[拿]□[~先卯:刚才]
tε	3	胆掸[~灰尘]短
tε	5	戴[姓]对担[挑~子]断[判~]锻□[蘸]□[~为:副词,极其,非常]
tʰε	1	胎台[~州]推㷟[用热水烫使动物的毛脱落]贪坍滩摊瘫[风~]□[~□uε₄₄:相差;品行差或能力不行]
tʰε	3	腿毯坦□[~乎乎:动作慢悠悠;□[paʔ⁴]~:慢慢地]□[拉扯]
tʰε	5	态退探炭叹
dε	2	台[~湾]台[~风]苔[青泥滑~:青苔]抬潭谭谈痰檀坛弹[~簧]团[汤~]
dε	4	待怠淡但断[~命货,詈语]
dε	6	贷代袋队兑[~钞票:换整钱为零钱]诞[~生]弹[~珠]蛋段缎𤁡[~煞:淹死]□[水~:水坑~]
nε	2	南男难[~易]□[~落去:以后]
nε	3	奶[~~:乳汁,乳房,又读na⁵³]暖[~热:暖和]
nε	5	耐[性子慢]内难[~民]
lε	2	来雷蓝篮兰拦栏
lε	3	乃[杨~武]垒览懒卵[~脬:睾丸]癗[~儿:皮肤上鼓起的小包]
lε	5	类泪[~腺]滥烂[东西~掉]乱□[~□[lɔ₂₄]:好吃的,馋嘴的]
lε	6	榄[橄~]
tsε	1	灾栽追锥簪沾占[~卜]毡[~毯]钻[~洞眼:打洞]专劗[用刀剁]
tsε	3	者[或~]宰嘴[~脯:嘴巴]斩展纂转[~身,~圈圈]㜺[形容人或物美好]
tsε	5	再[~□faŋ⁵³:再次]载[~货]寨最赘醉暂赞灒[溅]战颤钻[电~]
tsʰε	1	猜催崔吹炊参[~加]搀餐川穿[~帮]
tsʰε	3	彩采睬惨铲产篡喘
tsʰε	5	菜脆翠串[~通]□[拜~:做法事]
sε	1	腮鳃[~板]虽三杉衫珊山删酸
sε	3	舍[宿~]髓[骨~]水[~果]陕伞糁[饭~:饭粒]
sε	5	赛碎岁税帅[元~]散[~发]疝扇[电风~]算蒜
zε	2	才[~能]材财裁才[~□faŋ⁵³:副词,才]随垂蚕惭馋残禅缠[盘~]然燃传[~达室]侪[全都]
zε	4	社[供销~]在[现~]罪[~过:可怜]站[车~]栈善
zε	6	锐瑞隧绽[谷粒、果实饱满的]蹔[跑]
kε	1	该阶[~沿石]甘柑泔尴[~尬]监[牢~:监狱]干[天~]肝干[~燥]间[房~]奸[~人]
kε	3	改感敢橄减碱竿杆秆擀赶干[~部]裥[皱~:褶皱,皱纹;打~:起褶子]拣
kε	5	锯[~子]概溉盖丐监[太~]
kʰε	1	开铅[~笔]□[~得:难道]
kʰε	3	凯坎砍
kʰε	5	嵌看[~书]
ɡε	4	□[形容人憨,做事不会变通]
ɡε	6	隑[倚靠;双~人:双人旁]
hε	1	虚[肿胀]鼾
hε	3	许[里~:里面]海罕□[~□uε₂₂:很多]
hε	5	喊汉焊苋[~头梗:苋菜]熯[烘烤饼或油煎蛋等]
ɦε	2	呆[~咕咕:傻呆呆]孩[红~儿]咸[~淡]含函岩衔寒韩闲颜[~色]
ɦε	6	害旱□[~板:一定,肯定]
Øε	1	哀埃[~及]庵安鞍
Øε	3	亥[地支之一]馅[~子]眼限□[折叠]
Øε	5	碍艾爱憾暗岸汗按案晏[迟]
pie	1	鞭编变边蝙[~蝠]□[~箕:篦子]
pie	3	扁匾[圆形竹器;牌~]
pie	5	遍[量词;~地]
pʰie	1	篇偏
pʰie	5	骗片
bie	2	便[~宜]
bie	4	辨辩辫[~丝:辫子]
bie	6	便[~当:方便]
mie	2	绵棉眠[~床:养蚕器具]
mie	3	免勉缅[~甸]
mie	5	面[~子;脸]麵
tie	1	颠癫[羊~疯]
tie	3	点典底[下~:下面]
tie	5	店
tʰie	1	天添梯[~子]
tʰie	3	舔
die	2	甜田填钿[洋~:钱]□[~卯:刚才]
die	6	豆[~腐,又读dø¹³]电殿[长生~]奠[~仪]佃垫□[大力地摔到地上]
lie	2	廉帘连联怜莲
lie	3	脸[雀~斑]□[~□ɕie₂₂:羞耻]
lie	5	练炼楝恋
tɕie	1	监[~视]尖艰间[中~]奸[强~]煎肩坚砖绢捐□[划~:划桨]
tɕie	3	减[~法]检简柬[~埔寨]剪茧趼笕[~桥,地名]转[侧~:侧身]卷[~起来]□[~螺蛳:蜗牛]
tɕie	5	鉴[~定]监[国子~]占[霸~]剑箭建毽荐见卷[试~]
tɕʰie	1	签[牙~;~字]谦迁千牵扦[~脚:修脚]穿[~山甲]圈[圆~]□[~煞煞:形容女子举止轻浮]
tɕʰie	3	浅遣
tɕʰie	5	欠芡[~粉:淀粉]歉纤[~夫]串[~过去]劝券
dʑie	2	潜钳[老虎~;夹菜]拳权颧
dʑie	4	渐践件倦
dʑie	6	俭键健腱
ȵie	1	黏研[~究]
ȵie	2	严年原源泥[烂~]
ȵie	3	砚[~瓦]染冉撚[用指腹掐]软阮捻[~线:缝织的线]□[~河泥:取河泥作肥料]
ɕie	1	纤[~维]仙鲜[新~;朝~]搧[~巴掌]籼[~米]轩掀先闩拴[~皮带]宣喧□[痒]□[暴揍]
ɕie	3	闪[霍~:闪电]险癣显选筅[~帚]
ɕie	5	线扇[蒲~]宪献楦[鞋~头]鏾[~鸡:阉鸡]
ʑie	2	钱[~塘江]乾[~隆]前全泉旋[~开盖子:拧开盖子]传[~落去:传递下去]椽船□[□sɿ₄₄~龙:壁虎]
ʑie	4	鳝[~鱼]僎[捡拾]
ʑie	6	贱[便宜]
ɦie	2	咸[~阳]炎[发~]盐阎檐闲[~林,地名]颜[姓]延蜒[蚰~]言贤弦圆员缘沿元袁辕园援玄[~孙]悬渊
ɦie	6	陷[~阱]焰谚
Øie	1	淹阉醃焉烟胭冤
Øie	3	也掩𥀬[痂]演远䞁[比量长度]□[发~:滑稽,惹人发笑]□[厉~:厉害]
Øie	5	厌艳嫌雁堰[梅头~,地名]现燕[~子;姓]咽宴院怨县
kuε	1	瑰规龟[乌~]归官倌[新小~:新郎]棺观[参~]冠[鸡~花]关
kuε	3	诡轨鬼[细~头:谑称小孩]管馆
kuε	5	会[~计]刽桧[油煠~:油条]鳜闺桂贵贯灌罐冠[~军]惯
kʰuε	1	盔[头~]奎[人名用字]亏宽
kʰuε	3	傀款□[脚~子:脚踝]□[用手臂挽住]□[绕远路]
kʰuε	5	块筷
ɡuε	2	逵[李~]葵环
ɡuε	4	跪癸[天干之一]
ɡuε	6	溃[~疡]愧柜掼[~跤:摔跤]
huε	1	恢灰挥辉徽欢
huε	3	悔[懊~]毁
huε	5	晦讳焕唤[雇佣]□[甩]
ɦuε	2	桅回茴徊怀槐淮危违围[~墙]完丸[~药]玩[古~]还[~钞票:还钱]还[~有]□[~□tsa₄₄:小孩子乖]
ɦuε	6	汇[~款]魏患
Øuε	1	煨[~番薯]威弯湾□[一顿:揍一顿]
Øuε	3	伪委伟苇缓皖碗挽宛
Øuε	5	会[不~]会[开~]惠[~钞:付钱]慧卫为[行~]为[~□ɡaʔ₄₄□zɿ₂₁:为什么]位畏[敌敌~]慰胃圩[用于村名,如中水~]换幻[~灯片]
fø	3	否[又读fi⁵³]
mø	2	谋[又读mu¹¹³]
mø	3	牡[又读mi⁵³]
mø	6	茂贸[又读mɔ¹³]
tø	1	兜
tø	3	斗[漏~]抖
tø	5	斗[~争]
tʰø	1	偷
tʰø	3	敨[~被:展开被子]
tʰø	5	透
dø	2	头投
dø	6	豆[~芽菜;~腐,又读die¹³]痘[水~]脰[~颈:脖子]
lø	2	楼
lø	3	篓[字纸~]
lø	5	漏
tsø	3	走[~象棋]
tsø	5	奏
tsʰø	5	凑
kø	1	勾[~里,地名]钩沟
kø	3	狗
kø	5	够[~弗牢:够不着]够[钱弗~]构购
kʰø	1	抠
kʰø	3	口
kʰø	5	叩扣
hø	3	吼□[气~□da₂₂~:气喘吁吁]
hø	5	候[~牢:蹲守]鲎[彩虹]□[被吸附住]
ɦø	2	侯喉[~咙]猴
ɦø	4	藕后[~头]后[~生]厚
ɦø	6	候[时~]
Øø	1	欧瓯
Øø	3	偶[配~]偶[~然]
tiø	1	丢
liø	1	溜
liø	2	流刘留榴硫琉瘤[~芥菜:叶子上长瘤的芥菜]
liø	3	柳
tɕiø	1	周舟州洲鸠纠[~缠,~正]灸究
tɕiø	3	酒帚[笤~]九久韭
tɕiø	5	昼[半下~:下半日;一~时:24小时]皱咒救
tɕʰiø	1	秋[~天]秋[~千]鳅[~□kua⁴⁴子:泥鳅]抽丘[~山,街名]
tɕʰiø	3	丑[地支之一]醜
tɕʰiø	5	臭
dʑiø	2	囚仇[姓]求球
dʑiø	4	臼[石~]舅
dʑiø	6	旧
ȵiø	2	牛
ȵiø	3	纽扭
ɕiø	1	修羞搜飕馊搜收休
ɕiø	3	手首守
ɕiø	5	秀绣锈瘦兽
ʑiø	2	绸筹[拿~:抽签]愁酬柔
ʑiø	4	受授𥣙[~钞票:存钱]
ʑiø	6	就袖宙寿售[~卖]
ɦiø	2	尤[姓]邮由油游犹
ɦiø	4	右佑
ɦiø	6	柚釉
Øiø	1	优忧悠幽[声音轻]
Øiø	3	有友酉[地支之一]
Øiø	5	幼
pɔ	1	包胞
pɔ	3	保堡宝饱
pɔ	5	报豹爆[~米花]
pʰɔ	1	抛脬[卵~:睾丸]□[香~:柚子]
pʰɔ	5	帕[~子]泡[水~]泡[~茶]炮[~仗]
bɔ	2	袍跑[~步]
bɔ	4	抱暴[~开头:刚开始;栗~]
bɔ	6	鲍[姓]爆[~炸]鉋[~子]雹[冰~]瀑
mɔ	2	毛茅猫锚矛
mɔ	3	卯[量词,次;地支之一]□[弗对~:不对]
mɔ	5	冒帽
mɔ	6	貌贸[又读mø¹³]□[副词,非常,或许是“木佬佬”合音而成]
tɔ	1	刀叨[唠~]
tɔ	3	祷岛倒[~树:砍树;~灶:事情糟了]
tɔ	5	到倒[~水,倒车]
tʰɔ	1	滔涛
tʰɔ	3	讨
tʰɔ	5	套
dɔ	2	桃逃淘[~米]陶萄
dɔ	4	道稻导
dɔ	6	盗
nɔ	3	脑恼
nɔ	5	闹[~热:热闹]
lɔ	1	捞唠[~叨]
lɔ	2	劳牢□[~□zɔ₄₄:不要的杂物]
lɔ	3	老□[木~~:很多]
lɔ	5	涝痨
tsɔ	1	遭糟抓[~□ɕie⁴⁴:挠痒]朝[今~:今天]昭招沼[~气]
tsɔ	3	早枣蚤[虼~:跳蚤]澡抓[~把瓜子]爪[~掐:指甲]找[~钞票:找零钱]
tsɔ	5	灶糙罩[~子]照□[下象棋时将对方的军]
tsʰɔ	1	操抄超□[~麻将:打麻将]
tsʰɔ	3	草炒吵
tsʰɔ	5	钞[~票]躁[脾气~]□[蹭到]
sɔ	1	骚[~□kəʔ⁴头:雄鸡]臊[羊~气]梢[~头]筲[~箕:淘箩]稍烧[~酒]
sɔ	3	扫[~地]嫂少[多~]
sɔ	5	燥[干]哨艄[把~]少[~爷]𢜶[豪~:容易地;快速地]
zɔ	2	曹槽朝[~代]潮[~湿]韶䐬[~□huo₄₄□huo₄₄:肚子微饥]
zɔ	4	皂造赵扰
zɔ	6	召绍[~兴]邵
kɔ	1	高膏篙羔糕交[~待]胶[~水]教[~书先生]茭[~白]跤[掼~:摔跤]
kɔ	3	稿绞[~干]铰搞
kɔ	5	告教[~佢:教他]校[~正]窖觉[睏~]叫[~花子;邀请]
kʰɔ	1	敲缲[~边]
kʰɔ	3	考烤
kʰɔ	5	靠铐[洋~:手铐]
ɡɔ	2	□[放置]
ɡɔ	4	绞[线~勒一道:线绞在一起]
hɔ	1	蒿[~菜]哮[~子:有哮喘的人]□[油~气:油脂变质散发的味道]
hɔ	3	好[~坏]
hɔ	5	耗[消~]孝[戴~]
ɦɔ	2	熬豪壕毫
ɦɔ	4	咬
ɦɔ	6	傲浩
Øɔ	1	凹
Øɔ	5	号[~码]懊[~恼,~悔]奥[~运会]澳[~门]□[仰头]□[夸奖]
piɔ	1	标膘彪□[喷射]
piɔ	3	表[~格]錶
pʰiɔ	1	飘
pʰiɔ	3	漂[~白]漂[~亮]
pʰiɔ	5	票
biɔ	2	瓢[~羹:汤匙]嫖薸[浮萍]
biɔ	4	鳔
miɔ	2	苗描
miɔ	3	藐渺秒
miɔ	5	庙妙
tiɔ	1	刁叼[嘴很~:挑剔]貂雕
tiɔ	3	鸟□[用针缝]
tiɔ	5	钓吊
tʰiɔ	1	挑[~担子]
tʰiɔ	3	挑[拣选]
tʰiɔ	5	跳[~远]粜
diɔ	2	条调[~料]跳[走]蜩[话知~:蝉]苕[~溪,河名]笤[~帚]
diɔ	6	掉调[声~]调[~查]
liɔ	1	撩[在水中捞]
liɔ	2	聊[~斋]辽[~宁]寥潦[~草]
liɔ	3	了[~解]
liɔ	5	料[~作:布料;调料]镣
liɔ	6	疗[~养]
tɕiɔ	1	交[~通]郊狡[~猾]焦蕉椒朝[明~:明天]骄娇浇
tɕiɔ	3	矫缴饺
tɕiɔ	5	罩[眼~:眼镜]校[~对]教[~室]较叫[~子:哨子]□[~悔:后悔]
tɕʰiɔ	1	悄锹撬跷[~脚:跛足]
tɕʰiɔ	3	巧窍
tɕʰiɔ	5	俏[货品畅销]翘
dʑiɔ	2	巢[黄~]樵乔侨桥荞
dʑiɔ	6	轿[~车:汽车]挢[撬]
ȵiɔ	2	饶尧
ȵiɔ	3	绕[~线,围~]嬲[缠着,纠缠]
ȵiɔ	5	尿[~素]
ɕiɔ	1	消宵霄硝[~石]销逍烧[~粥]嚣萧箫𢳚[掀开]□[~佢:不要;~得:不用]
ɕiɔ	3	小晓
ɕiɔ	5	酵孝[~顺]笑肖[姓;~像]
ʑiɔ	2	朝[~东]潮[还~:返潮]
ʑiɔ	4	□[搅拌]
ɦiɔ	2	肴[~馔:菜肴]淆摇谣窑姚遥
ɦiɔ	6	效校[学~]耀
Øiɔ	1	妖邀腰要[~求]么[~~零]□[~年:将来]
Øiɔ	3	舀□[眼睛深凹进去]
Øiɔ	5	要[~紧,想~]鹞[~子:风筝]
po	1	巴芭[~蕉]疤笆[篱~]
po	3	把[~方向;门~]耙[铁~]膊[臂~:手臂]
po	5	霸[~占]坝[堤~]坝[用于地名,如双条~]□[味道涩口]
pʰo	5	怕
bo	2	爬琶[琵~]
bo	4	杷[枇~]罢[戏文~着:戏结束了]
mo	2	麻[~药]痲蟆[蛤~田鸡:青蛙]□[~儿:女性外阴]
mo	3	马码□[□ȵieʔ²³~:表示十分可惜;十分看重]
mo	5	骂
tuo	3	朵□[~辫丝:扎辫子]
nuo	1	拿
nuo	2	哪[~吒]男[~儿家:男孩]
nuo	3	囡[~儿:女儿]
tsuo	1	渣遮蔗
tsuo	5	榨炸[~弹]
tsʰuo	1	叉杈[树桠~]差[~弗多:差不多]钗[~针:钗子]车[~子]
tsʰuo	5	岔[~路口]
suo	1	沙纱砂痧[挑~:刮痧]赊
suo	3	捨[弗割~:舍不得]产[坐~母:坐月子]
suo	5	晒舍[邻~隔壁]
zuo	2	茶查蛇佘[~太君]
zuo	4	社
zuo	6	射[~箭]麝
kuo	1	瓜蜗
kuo	3	寡剐
kuo	5	挂卦褂[~儿:背心]
kʰuo	5	揢[~鱼:捕鱼]跨
huo	1	虾花□[打~鼾:打哈欠]
huo	5	化[叫~子]
ɦuo	2	蛤[~蟆田鸡:青蛙]华[中~]华[~山]划[~船]
Øuo	1	鸦[乌老~:乌鸦]丫桠[树~杈]
Øuo	3	下[~底:下面;播种]哑瓦[~爿头]□[瓤,量词]□[呕吐]
Øuo	5	夏[~假:暑假]画话
paŋ	1	帮梆梆浜[河~]绷[~紧]
paŋ	3	榜绑
paŋ	5	迸[裂开]
pʰaŋ	5	胖[黄~病:黄疸肝炎]碰[~牢:碰到,又读baŋ¹³]
baŋ	2	旁螃防[联~队]庞朋彭[~埠,地名]膨[~胀螺丝]棚[羊~]髈[肋~骨:肋骨]𦗭[聋~:聋子]
baŋ	4	棒[~冰]蚌[~壳]甏□[~□mo₂₂□lε₂₂:记不清楚]
baŋ	6	傍[~牢:挨着]碰[~牢:碰到,又读pʰaŋ³⁴]
maŋ	2	忙[农~]芒[~种,麦~]茫[迷~]盲[~子先生]氓
maŋ	3	莽蟒网[~络,老派]猛[闹~:热闹]蜢□[koʔ⁴~:蚱蜢]□[植物稠密]
maŋ	5	望[~东去:往东走]孟[~家桥,地名;姓]
faŋ	1	方肪[脂~]坊[村~]芳
faŋ	3	妨仿[模~]纺仿[~佛]仿[相~]访□[再~:再次;仍~:仍然]
faŋ	5	放
vaŋ	2	房防[预~针]亡
vaŋ	6	忘[遗~]望[希~]
taŋ	1	当[~中心:正中间]
taŋ	3	党挡档[~案]打
taŋ	5	当[~铺]
tʰaŋ	1	汤趟[~水片:仰泳;打水漂]□[~□tsʰuo₄₄:以为]
tʰaŋ	3	倘[~为:倘若,如果]躺趟[~过去:滑过去]
tʰaŋ	5	烫
daŋ	2	堂棠螳[~螂]唐糖塘[~河:京杭运河]趤[~街路:逛街]□[推搡]
daŋ	4	荡[~秋千]盪[用水涮或漂洗]
naŋ	2	囊[鼓鼓~~]
laŋ	2	郎廊[~柱]狼螂[螳~]
laŋ	3	朗[~读]冷□[~~豆:豌豆]
laŋ	5	浪[~费]㫰[~衣服]□[量词,一~:一瓣桔子]
tsaŋ	1	赃脏[肮~]张[姓]庄装妆章樟桩争[相~]睁[~开]
tsaŋ	3	长[生~]涨[~价]掌
tsaŋ	5	葬帐账胀壮[胖]障瘴
tsʰaŋ	1	仓苍舱疮[疥~]昌菖娼鲳[~条鱼:鱼的一种]窗[~爿:窗户]撑[~船]
tsʰaŋ	3	闯厂
tsʰaŋ	5	创唱
saŋ	1	桑丧[~事]霜孀[孤~]商伤[~风]双[~~子:双胞胎]生[~日]牲[□tsoŋ⁴⁴~:畜生]甥[外~]声[喊一~]□[~年糕:打年糕]□[臂□tsɿ⁴⁴~:手肘]
saŋ	3	磉[柱~石]嗓爽赏省[浙江~]省[~钞票:省钱]
saŋ	5	丧[~失]
zaŋ	2	藏[隐~]长[~短]肠[~胃]场[操~]床常[经~]尝裳偿
zaŋ	4	丈[一~高]杖上[~去]
zaŋ	6	藏[~青]脏[心~]状尚上[~顶:上面]
kaŋ	1	冈刚纲钢缸江[长~]豇[~豆]更[五~天]粳庚[年~]羹[瓢~:汤匙]埂[田~]耕[~地]䢚[钻入]□[~~灶:用稻草和泥糊起来可移动的灶]
kaŋ	3	岗[~位]讲港梗[菜~子]
kaŋ	5	杠[单~]降[霜~]
kʰaŋ	1	康糠[砻~]坑[茅~]
kʰaŋ	3	慷[~慨]
kʰaŋ	5	抗囥[把东西藏起来]
ɡaŋ	2	□[涂抹]
ɡaŋ	4	戅[~大:傻瓜]哽[堵塞,卡住]
haŋ	1	夯亨[大~]
ɦaŋ	2	昂行[银~]行[流~]航[~船]杭桁[~条:檩条]绗[~针:缝被子的大针]
Øaŋ	1	肮[~脏]樱[~桃]
Øaŋ	3	项[~目]杏[~花]
Øaŋ	5	硬[~邦邦]
liaŋ	2	良凉量[~米]粮梁粱
liaŋ	3	两[几~]辆
liaŋ	5	亮量[数~]
liaŋ	6	谅
tɕiaŋ	1	将[~来]浆疆僵[~蚕]缰姜桩江[姓]睁张[~伞:撑伞;~~看:偷视]
tɕiaŋ	3	蒋奖桨涨[1~大水:发洪水]掌[巴~]
tɕiaŋ	5	仗酱将[~领]胀[肚皮~:肚胀]降[下~]
tɕʰiaŋ	1	枪羌腔[~气:语气]戗[~风:逆风]炝[~柿子:以石灰水浸泡去涩]
tɕʰiaŋ	3	抢□[~刀:锅铲]
tɕʰiaŋ	5	呛[咳嗽]
dʑiaŋ	2	强[~大]
dʑiaŋ	4	犟[性格倔强]
ȵiaŋ	1	孃[~~:奶奶]
ȵiaŋ	2	娘[~囡儿:母亲女儿]
ȵiaŋ	3	仰
ȵiaŋ	5	两[~个]酿让
ɕiaŋ	1	相[~信]箱厢湘[~湖,地名]襄镶香乡双[一~鞋子]
ɕiaŋ	3	想鲞[鱼干]享响
ɕiaŋ	5	相[照~机]向
ʑiaŋ	2	墙详祥长[~短]肠[大~]场[~户:地方]常□[~kʰuo₄₄:可能]
ʑiaŋ	4	象像橡丈[~人]杖
ʑiaŋ	6	匠剩[~落:剩下]
ɦiaŋ	2	羊洋烊杨阳扬疡[溃~]降[投~]
Øiaŋ	1	央秧殃
Øiaŋ	3	养痒
Øiaŋ	5	样漾[用于当地小的河、湖,如塘泾~]巷[~口]映[放~]□[手伸出来]
kuaŋ	1	光
kuaŋ	3	广
kuaŋ	5	□[走动时水晃出来]□[漂洗碗]
kʰuaŋ	1	匡筐眶框
kʰuaŋ	3	矿
kʰuaŋ	5	旷[~工]
ɡuaŋ	2	狂
huaŋ	1	荒慌□[~白眼:翻白眼]
huaŋ	3	谎晃
huaŋ	5	□[蛋~:蛋黄]
ɦuaŋ	2	黄簧[弹~]皇蝗凰王横[~线]
Øuaŋ	1	汪□[形容人强悍凶蛮]
Øuaŋ	3	网[~络,新派]往[来~]
Øuaŋ	5	旺
peŋ	1	彬宾槟滨殡奔冰兵
peŋ	3	本畚丙秉饼
peŋ	5	柄并[合~]
pʰeŋ	1	喷[~水]喷[~香]烹姘[~头:情人]拼
pʰeŋ	3	品
pʰeŋ	5	聘
beŋ	2	贫频苹盆凭平坪评瓶屏萍
beŋ	4	并[~排]
beŋ	6	病
meŋ	2	闽民门蚊[~子]萌鸣明盟名铭□[~koŋ₄₄:聪明能干]
meŋ	3	敏皿
meŋ	5	闷问[~~看]明脗[嘴巴紧闭]
feŋ	1	分芬纷
feŋ	3	粉
feŋ	5	粪奋
veŋ	2	焚坟文纹闻[乡~:风俗]
veŋ	4	愤忿
veŋ	6	份问[~题]
teŋ	1	敦墩[~头板:砧板;桥~]蹲[住]登灯丁钉[~头:钉子]疔[~疮]膯[鸡~脯:鸡嗉子]
teŋ	3	等戥[~子秤]顶
teŋ	5	顿凳镫澄钉[~书针]订𤺌[食物不消化]□[用手掂量]
tʰeŋ	1	吞听厅汀[水门~:水泥]氽[漂浮;油炸]
tʰeŋ	3	艇[飞~:飞机]挺侹[以双手托举起来]
tʰeŋ	5	褪[脱;蜕]
deŋ	2	屯[~里,地名]豚[河~]饨臀[坐~头:猪臀肉]沌腾藤亭停廷庭[~柱]蜓[蜻~]
deŋ	4	囤锭
deŋ	6	盾钝邓定□[顶撞]
leŋ	1	拎
leŋ	2	林淋临邻磷疄[畦]仑伦沦轮囵[囫~吞]能[~够]棱陵凌菱灵零铃伶玲龄翎鸰[鹞~:老鹰]
leŋ	3	领岭宁[~可]
leŋ	5	赁嫩令另
leŋ	6	吝论[~语]论[~文]
tseŋ	1	针斟珍臻真尊遵曾增征蒸争[~斗]筝贞侦正[~月]征
tseŋ	3	枕[~头]诊准拯整
tseŋ	5	镇振震证症正[~常]政
tsʰeŋ	1	侵亲[~眷;~家婆]村椿春称清青皴[~□tsʰɔ₂₂:皮肤发红磨破]
tsʰeŋ	3	寝请
tsʰeŋ	5	趁衬寸秤
seŋ	1	心芯森参[西洋~]深辛新薪身申[~报]伸孙荀僧升生[~菜,菜名]牲[牺~]笙声[~音]蜻[~蜓]星腥□[“些儿”合音]□[~~:常常]
seŋ	3	沈审婶损笋榫醒
seŋ	5	渗胜性姓圣[~塘河:地名]
zeŋ	2	寻浔[南~,地名]沉壬[天干之一]任[姓]秦陈尘神辰晨臣人[~民广场]仁[~和,地名]存唇纯曾层澄[~清巷,地名]惩橙乘[~法]绳塍承丞仍情晴呈程成城诚盛[~饭]
zeŋ	4	蕈[菌类总称]葚甚肾吮静□[~根牙:智齿]
zeŋ	6	任[责~]纫[缝~机]阵慎刃认[~真]顺润[~~喉咙]赠净郑□[~统:全部]
keŋ	1	今[~朝]跟根更[~换]耕[机~路]
keŋ	3	梗[心肌~塞]耿
kʰeŋ	3	恳垦肯
heŋ	1	哼
heŋ	3	很
heŋ	5	擤[~鼻涕]□[厉害]
ɦeŋ	2	痕恒衡
ɦeŋ	6	恨
Øeŋ	1	恩
tɕiŋ	1	金禁襟津巾斤筋均钧君军真[~假]京荆惊精腈[~肉:瘦肉]晶睛正[~月]经□[~头:热水瓶的塞子]
tɕiŋ	3	枕[~头]锦尽[~管]紧谨俊菌[细~]景警井靖颈
tɕiŋ	5	浸禁[~止]进晋[~升]境敬竟[~然]镜径[~山,山名]经
tɕʰiŋ	1	钦卿轻倾
tɕʰiŋ	3	顷
tɕʰiŋ	5	揿庆
dʑiŋ	2	琴禽擒勤芹群裙擎琼循[又读ʑiŋ¹¹³]巡[又读ʑiŋ¹¹³]
dʑiŋ	4	尽[~量]近
dʑiŋ	6	劲[~道]竞
ȵiŋ	2	吟人[一个~]仁[杏~]银[~行]仍~□[faŋ⁵³:仍然]凝迎宁[~波]
ȵiŋ	3	忍
ȵiŋ	5	认[~得]韧润[滋~]
ɕiŋ	1	欣荀熏勋薰馨
ɕiŋ	3	省[反~]
ɕiŋ	5	信讯衅[挑~]迅训兴[~旺]兴[高~:情愿;草木生长茂盛]
ʑiŋ	2	询旬循[又读dʑiŋ¹¹³]巡[又读dʑiŋ¹¹³]饧[~糖:饴糖,麦芽糖]
ɦiŋ	2	淫寅匀云[~帐:云]耘[~田]行[~为]盈赢形型刑萤营□[~空里:突然之间]
ɦiŋ	6	晕[~蒙蒙]
Øiŋ	1	音阴荫[~凉]因姻殷尹[姓]应[~当]鹰[~架:脚手架]蝇莺鹦英缨[红~枪]
Øiŋ	3	饮[~料]引隐瘾允影颖□[火或灯灭]
Øiŋ	5	洇[渗透]印闰熨韵运应[答~]孕幸瀴[凉]
kueŋ	3	滚
kueŋ	5	棍
kʰueŋ	1	昆[~山]昆[~仑]坤
kʰueŋ	5	困睏[~觉]
ɡueŋ	4	捆[一~柴]
hueŋ	1	昏婚荤
ɦueŋ	2	魂馄浑混
Øueŋ	1	温瘟[猪头~:腮腺炎]蕰[~草:一种水草]
Øueŋ	3	稳
poŋ	1	崩[~溃]
pʰoŋ	1	胮[膨胀]
pʰoŋ	3	捧
boŋ	2	篷[风~船]蓬
boŋ	4	棒[一根~]埲[~尘]
moŋ	2	忙茫[头白~~:形容感到前途渺茫]蒙[~古]蠓[~虫]
moŋ	3	网[一口~]
moŋ	5	磨[~子]忘[~记]望[~~看:看望]孟[~子]梦□[~儿:谜语]
moŋ	6	懵[~~懂懂]
foŋ	1	风枫疯丰封峰蜂锋
foŋ	3	讽[~刺]
foŋ	5	□[脏东西]
voŋ	2	冯逢缝[~衣裳]
voŋ	4	奉[~承]
voŋ	6	凤俸缝[~道:缝隙]
toŋ	1	东冬
toŋ	3	董懂
toŋ	5	冻栋[~柱]
tʰoŋ	1	通
tʰoŋ	3	捅统
tʰoŋ	5	痛
doŋ	2	同铜桐筒童瞳茼[~蒿]胴[~肛:屁眼]
doŋ	4	桶动
doŋ	6	洞
noŋ	5	糯[~米]弄[~弗拎清:搞不清楚;~堂,又读loŋ³⁴]
loŋ	2	咙[喉~头]笼聋砻[~糠]脓隆龙
loŋ	3	拢[~共]陇垅
loŋ	5	弄[~堂,又读noŋ³⁴]
tsoŋ	1	棕宗中[当~心]忠终踪钟[~头:小时]锺盅[酒~]□[~牲:畜生]
tsoŋ	3	总种[品~]
tsoŋ	5	粽综众中[~奖]种[~树]
tsʰoŋ	1	聪匆葱囱充铳[火~]冲舂
tsʰoŋ	3	宠
soŋ	1	松[~紧]松[~树]嵩
soŋ	3	𢱤[弄~:捉弄]
soŋ	5	宋送
zoŋ	2	丛虫崇[~贤,地名]从[~头开始]重[~复]茸㞞[精液]
zoŋ	4	重[~量]
zoŋ	6	仲诵颂讼[~师]
koŋ	1	江[~碗:大碗]扛[~起来]肛[胴~:屁眼]公蚣工功攻弓躬宫恭供[~销社]
koŋ	3	汞拱[~宸桥,地名]巩
koŋ	5	贡供[~菩萨]
kʰoŋ	1	空[~间]
kʰoŋ	3	孔恐
kʰoŋ	5	空[有~]控
ɡoŋ	6	共
hoŋ	1	轰[~炸]烘齆[~鼻头:因鼻塞而发音模糊不清]
hoŋ	3	哄[起~]哄[~骗]轰[~出去]
ɦoŋ	2	弘宏红洪鸿
Øoŋ	1	翁[~梅,地名;姓]□[~□ua⁴⁴:汪刺鱼:黄颡鱼]
Øoŋ	5	瓮□[桌椅等摇晃不稳定]
tɕioŋ	1	中[当~心]钟[~头:小时]□[把东西重重地放在桌上]
tɕioŋ	5	种[~树]□[蹦;窜]
tɕʰioŋ	5	𥅻[打瞌~:瞌睡]蹱[往前绊了一下;走路不稳]
dʑioŋ	2	虫穷
dʑioŋ	4	重[~要]
dʑioŋ	6	撞□[碗等摞起来]
ȵioŋ	2	农浓绒[羽~衣]茸[鹿~]
ɕioŋ	1	兄舂胸凶匈
ɦioŋ	2	荣熊雄融容蓉[芙~]镕溶熔
Øioŋ	1	雍[~正]庸[金~]壅[~土]
Øioŋ	3	永泳咏拥甬勇涌
Øioŋ	5	用佣
paʔ	7	拨[~算盘子]百柏伯擘[~开]□[~□tʰε⁵³:慢慢地]
pʰaʔ	7	泼泊[水~梁山]迫[逼~]拍魄珀[琥~]
baʔ	8	钹白
maʔ	8	末沫陌麦脉墨[又读moʔ²³]默[又读moʔ²³]
faʔ	7	发[头~]发[~达]法
vaʔ	8	乏伐筏罚浌[~~:泡沫]
taʔ	7	答搭瘩[疙~]嗒[~滋味:尝味道]㞘[末~:最末的]
tʰaʔ	7	獭[水~]塔榻[竹~]塌遢[邋~]澾[地滑~:一种可食用地衣]□[搽、抹(粉)]𡍲[个~:这里]□[~过:错过;误车]□[覆~睏:趴着睡]
daʔ	8	踏沓[一~书]达
naʔ	8	纳[出~]衲[尿布]捺
laʔ	8	垃[~圾]腊蜡鑞[锡]邋[~遢]辣猎[又读liaʔ²³]瘌[~痢头]□[皮肤被抓破]□[~奶奶:婴儿断奶]
tsaʔ	7	扎[包~]窄摘隻[量词]□[撒]
tsʰaʔ	7	插擦[黑板~]察拆策册赤斥尺□[形容小孩子性子顽皮]□[扎;两手掐住脖子]
saʔ	7	萨杀栅[南~口,地名]
zaʔ	8	杂闸煠[白~蛋]铡着[睏~:睡着]宅[~基地]石砸[~脚:用力地跺脚]𧼰[~出去:突然出现]□[硬塞进另一物体中]
kaʔ	7	合[~算:划算]夹[洋~:钱夹]裌[~袄]甲[穿山~]胛[肩~膀]胳[肋~子底落:腋窝]格骼隔[~壁]嗝[打~□təʔ⁴:打嗝]
kʰaʔ	7	掐渴[~望]客
ɡaʔ	8	轧[挤,拥挤;~朋友:找对象;~谷:碾谷]□[蛇~:带状疱疹]
haʔ	7	瞎赫吓
ɦaʔ	8	合[~格]盒狭[~窄]额核[~对]齾[~缺子:碗等器物上的缺口]
Øaʔ	7	阿[~哥]鸭压押□[~断:折断]□[~mie₂₄:等会儿]
tʰiaʔ	7	帖贴
diaʔ	8	碟蝶谍
liaʔ	8	猎[又读laʔ²³]略掠
tɕiaʔ	7	甲[天干之一]着[~衣裳]雀[~脸斑]脚角[~色]颊[面~骨:颧骨]
tɕʰiaʔ	7	恰鹊却
dʑiaʔ	8	嚼[~舌头,又读ʑiaʔ²³]
ȵiaʔ	8	捏箬[~叶]
ɕiaʔ	7	削
ʑiaʔ	8	嚼[~舌头,又读dʑiaʔ²³]着[睏~:睡着]
ɦiaʔ	8	协[~会]侠[七~五义]药钥液腋
Øiaʔ	7	约厣[鳞片]
kuaʔ	7	括刮□[翼~:翅膀]
huaʔ	7	豁劐[~开:用刀破开]□[泼水]
ɦuaʔ	8	滑猾划[计~]□[~□ka³⁴:而且]
Øuaʔ	7	挖
pəʔ	7	畀[动词,给]不[~锈钢;~过]钵[~头,又读poʔ⁴]
bəʔ	8	勃𥹸[米~:米粉]
məʔ	8	没[又读moʔ⁷]
fəʔ	7	弗佛[仿~]
vəʔ	8	佛[念~]
təʔ	7	掇[~碗:端碗]得德□[打嗝~:打嗝]
tʰəʔ	7	忒
dəʔ	9	夺突[~出]特
ləʔ	8	捋肋勒
tsəʔ	7	折[~纸飞机]褶执汁[果~]哲蜇折[存~]浙质则侧织职责
tsʰəʔ	7	撮[~方子:抓药,又读tsʰoʔ⁴]彻撤七漆出测戚□[一~:一阵]
səʔ	7	摄涩湿设刷说瑟虱失室率塞色啬识[认~]式饰适释[解~]
zəʔ	8	涉蛰折[~本]十什[~锦菜]拾入[~党]舌侄秩实日[~本]术[金兀~]术[算~]述贼直值[~班]食[小~儿:零食]殖植泽择
kəʔ	7	个[几~,又读koʔ⁷]蛤[~蜊]割葛革吃[~嘴:口吃的人]疙[~瘩]虼[~蚤:跳蚤]□[眨眼,闭眼]□[骚~头:雄鸡]
kʰəʔ	7	磕瞌[打~𥅻:瞌睡]刻[一~钟]刻[~刀]克□[一~:双手一抱的大小]
ɡəʔ	8	𢷒[夹在腋下;抱着]
həʔ	7	黑
pieʔ	7	鳖憋瘪笔毕必逼碧璧壁滗[挡住残渣使液体流出]
pʰieʔ	7	撇匹僻辟劈
bieʔ	8	鼻枇[~杷]别[~针;区~]蹩[~脚:质量差的]荸[~荠]
mieʔ	8	灭搣[~螺丝:拧螺丝]篾蔑密蜜觅
tieʔ	7	跌的[打~;目~]滴嫡扚[掐一段葱或菜叶等]
tʰieʔ	7	铁踢剔
dieʔ	8	叠笛敌狄
lieʔ	8	立笠粒列烈裂劣栗律[法~]率[效~]力历[~史;日~]
tɕieʔ	7	接劫急级给杰揭节结䥛[~子:镰刀]诀吉卒[象棋棋子]橘即鲫戟剧[~烈]积迹脊[背~头:背部]绩击□~[□tsoʔ⁴:污渍]
tɕʰieʔ	7	契妾怯缉[~鞋底]泣切窃[(扒手)偷]楔乞喫
dʑieʔ	8	捷集习[~惯]急及绝疾掘[~笋]极剧[电视~]籍[~贯]
ȵieʔ	8	聂镊业入[~赘]热孽日[~脚:日子]虐疟逆[~风]溺□[~□mo⁵³:表达很可惜;十分看重]
ɕieʔ	7	胁湿吸薛泄歇[一~~:一会儿]蝎屑[木~]雪说[讲~话:说话]血悉膝戌恤[T~衫]息熄识[~得]惜昔锡[无~]析畜□[揭开(盖子)]
ʑieʔ	8	袭十舌[~头]侄[~儿]直[笔~]值[~钿:值钱;把人或物当宝贝]席夕寂
ɦieʔ	8	叶[~爿:叶子]页月越[~剧;~加]逸翼[~□kuaʔ⁴:翅膀]益亦译
Øieʔ	7	揖噎乙一
poʔ	7	八博剥驳北钵[膝~头:膝盖,又读pəʔ⁴]□[~鸟:阴茎]
pʰoʔ	7	朴扑覆[~□tʰaʔ⁴睏:趴着睡]
boʔ	8	拔薄箔[镴~]仆[~人]
moʔ	8	摩[~托车]抹袜没[~𤁡𤁡:潜水,又读məʔ²³]墨[又读maʔ²³]默[又读maʔ²³]莫[~干山]膜寞摸木目[天~山]穆牧
foʔ	7	复[~兴]福幅蝠[蝙~]复[~杂]腹辐覆蝮复[~原]
voʔ	8	缚服伏[~天]袱[作包袱的布]
toʔ	7	啄笃[~定]督沰[滴,量词]厾[丢;扔]豛[把不齐的纸、文件等轻击使整齐]□[陡]□[竖起来]□[做衣服时因衣料不够而拼接一小块]
tʰoʔ	7	脱托[~人]托[~词]拓秃庹[一~:两臂平伸时两手之间的长度]
doʔ	8	踱[~方步]凙[停~:冬日檐下结的冰柱]独读毒□[形容人脑子有问题]
noʔ	8	诺
loʔ	8	落洛络[~麻]乐[快~]鹿禄六陆[博~,地名;姓]绿录髅[鸡骷~:鸡骨架]簏[壳~:外壳]
tsoʔ	7	作斫[~草]桌卓琢啄捉𡎺[~漏:翻修屋面使之不漏水]竹筑祝[~英台]足烛□[□tɕieʔ⁷~:污渍]
tsʰoʔ	7	撮[又读tsʰəʔ⁷]戳畜[~牲]促触
soʔ	7	十[~五]蟀索朔速肃宿缩叔粟[~米:玉米]束□[用刀切]
zoʔ	8	凿昨若弱浊族熟塾[私~]淑俗续赎蜀属辱㪬[用拳头或手肘打]□[鸭等扁嘴动物啄]□[直盯着看]
koʔ	7	个[几~,又读kəʔ⁴]骨各阁搁郭觉[~着]角[~落]国穀谷□[~蜢:蚱蜢]□[漱口]
kʰoʔ	7	阔廓扩确[~实]壳哭酷骷[鸡~髅:鸡骨架]
ɡoʔ	8	□[卡住]
hoʔ	7	忽霍藿寣[一~觉]
ɦoʔ	8	兀[金~术]核[果~]鹤岳[老东~,地名]学[~生]或惑喉[~咙头]
Øoʔ	7	恶[善~]握屋
tɕioʔ	7	决桌觉[~得]竹粥菊鞠[~躬]烛
tɕʰioʔ	7	缺屈戳[用棍子~]确[的~良,dacron音译]畜[~牲]麴曲蛐[~知儿:蟋蟀]
dʑioʔ	8	倔镯浞[淋]逐轴[~承]焗[~油]局𧤼[角顶住]□[~ueŋ₄₄鸟:猫头鹰]
ȵioʔ	8	肉褥[~单:床单]𢫭[~面:揉面]
ɕioʔ	7	缩叔蓄嗍[吸]
ʑioʔ	8	熟
ɦioʔ	8	悦阅粤穴[~位]岳[姓,~飞]岳[三山五~]乐[音~]学[~习]域疫役育玉狱欲浴
Øioʔ	7	郁[~金香]
zuoʔ	8	勺[铜~]芍
ɦuoʔ	8	活获镬[锅]囫[~囵吞]葫[~芦:瓠瓜]猢[~狲:猴子]
Øəl	2	儿[幼~班]而[~且]
Øəl	3	耳[~机]
Øm̩	1	姆[~妈]
Øm̩	3	母[丈~娘;又读mu⁵³]拇[大~节头管:大拇指;又读mu⁴⁴]亩[又读mu⁵³]蚁[白~]
Øn̩	1	姨[~娘:父亲或母亲的姐妹]
Øn̩	2	吴[~江]鱼渔儿[~子]呒[~得:没有]
Øn̩	3	五午[端~]耳[~朵]尾[~巴]
Øn̩	5	芋[~艿:芋头]二[十~]